year,month,day,genesis,hyundai,kia,lexus,toyota,bmw,benz,,,,,,
2019,1,1,300.8126722,190.5337491,185.2506514,194.6979002,207.0456719,196.9872237,213.511172,,,,,,
2019,1,5,300.8126722,190.5337491,185.2506514,194.6979002,207.0456719,196.9872237,213.511172,,,,,,
2019,1,10,300.8126722,190.5337491,185.2506514,194.6979002,207.0456719,196.9872237,213.511172,,,,,,
2019,1,15,298.9425309,190.1100062,185.297951,195.9788692,206.2060429,197.9981712,214.7803029,,,,,,
2019,1,20,297.5565164,190.1100062,185.3552101,195.9788692,205.9220004,198.540646,215.0023514,,,,,,
2019,1,25,296.1705018,190.1100062,185.4124693,195.9788692,205.637958,199.0831207,215.2244,,,,,,
2019,2,1,294.9445118,190.2506391,185.5369472,195.4978311,205.8755357,199.6995975,215.2244,,,,,,
2019,2,5,293.8825994,190.2506391,185.5369472,194.8005075,205.6254596,199.6995975,215.2244,,,,,,
2019,2,10,292.820687,190.2506391,185.5369472,194.1031839,205.3753836,199.6995975,215.2244,,,,,,
2019,2,15,292.9339537,189.347133,184.7042863,192.4922513,204.67162,197.1579436,212.7286613,,,,,,
2019,2,20,292.2469544,189.1138181,184.7042863,192.4922513,204.67162,197.1579436,212.3454947,,,,,,
2019,2,25,291.5599551,188.8805033,184.7042863,192.4922513,204.67162,197.1579436,211.962328,,,,,,
2019,3,1,290.4476029,188.912335,184.7042863,192.8673279,204.8636523,197.1579436,211.962328,,,,,,
2019,3,5,290.4476029,188.8805033,184.7538346,194.0889161,204.8636523,197.4566072,211.962328,,,,,,
2019,3,10,290.4476029,188.8486716,184.8033829,195.3071109,204.8636523,197.7552708,211.962328,,,,,,
2019,3,15,290.7371001,188.8486716,185.2207742,196.5352904,204.7750433,197.5443269,212.1720528,,,,,,
2019,3,20,292.2637108,188.8486716,185.7795328,198.5917087,204.7750433,198.8452665,212.3374264,,,,,,
2019,3,25,293.7945738,188.8486716,186.3398478,200.6538551,204.7750433,200.14983,212.5032607,,,,,,
2019,4,1,296.9313087,189.1022947,186.4392552,201.1540259,204.7750433,201.4693795,212.3374264,,,,,,
2019,4,5,298.0912873,190.321141,187.5515187,204.3853277,204.8601158,203.9703649,212.7903477,,,,,,
2019,4,10,299.2512658,191.5399873,188.6637821,207.6166295,204.9451884,206.4713502,213.243269,,,,,,
2019,4,15,299.2512658,193.5277287,190.2457006,211.9333752,206.7408635,209.1414331,214.1110438,,,,,,
2019,4,20,299.2512658,194.9429029,191.34085,214.7482177,207.7650047,211.3501932,214.8718784,,,,,,
2019,4,25,299.2512658,196.3580771,192.4359994,217.5630601,208.7891459,213.5589533,215.6327129,,,,,,
2019,5,1,298.6738842,197.1308853,192.5817357,217.5240539,209.1136221,214.0014045,216.5945205,,,,,,
2019,5,5,298.091046,197.397012,193.0272657,218.4595401,209.9808218,215.0141656,216.5945205,,,,,,
2019,5,10,297.5082078,197.6631387,193.4727957,219.3950263,210.8480215,216.0269266,216.5945205,,,,,,
2019,5,15,296.8885855,197.4853315,193.5684999,218.9194051,211.3213036,216.4139985,216.3012464,,,,,,
2019,5,20,296.3370748,197.6631387,193.5684999,219.4256487,212.1010033,216.4139985,215.4185255,,,,,,
2019,5,25,295.7855641,197.8409459,193.5684999,219.9318924,212.880703,216.4139985,214.5358046,,,,,,
2019,6,1,296.1671518,198.0979833,193.2013839,220.0306333,213.1958298,216.205661,212.2205531,,,,,,
2019,6,5,295.3334925,198.2860482,192.9287054,220.9907583,213.8793203,215.7876133,212.1809159,,,,,,
2019,6,10,294.4998332,198.4741131,192.6560269,221.9508834,214.5628109,215.3695657,212.1412788,,,,,,
2019,6,15,293.5763888,198.6034634,192.3157544,222.5322638,214.9645139,214.6973544,212.1412788,,,,,,
2019,6,20,292.1687782,198.6034634,192.2051074,224.2262738,215.5184562,214.3237604,212.1412788,,,,,,
2019,6,25,290.7611675,198.6034634,192.0944605,225.9202839,216.0723984,213.9501664,212.1412788,,,,,,
2019,7,1,290.6124479,198.4037805,192.2051074,227.623639,216.2217072,214.1929157,212.413152,,,,,,
2019,7,5,288.2954394,198.1851026,192.0944605,229.4608085,216.6490317,213.9196433,212.734946,,,,,,
2019,7,10,285.9784309,197.9664248,191.9838135,231.297978,217.0763562,213.6463708,213.05674,,,,,,
2019,7,15,282.9272752,197.510074,191.3967403,232.0809892,217.2634581,213.2665842,213.1745055,,,,,,
2019,7,20,280.5837355,197.510074,191.0790624,233.4121213,217.6550787,212.9573981,213.7502486,,,,,,
2019,7,25,278.2401958,197.510074,190.7613845,234.7432533,218.0466993,212.648212,214.3259917,,,,,,
2019,8,1,278.6619763,197.5230125,190.7260688,235.0782056,218.2144034,212.7259803,215.0678629,,,,,,
2019,8,5,276.5777409,197.5230125,190.5060711,236.1164688,218.6071348,212.3737128,215.6136615,,,,,,
2019,8,10,274.4935055,197.5230125,190.2860734,237.1547319,218.9998662,212.0214454,216.1594602,,,,,,
2019,8,15,272.8296435,197.4441439,189.9790738,237.7560753,219.1143996,211.1960607,216.4792417,,,,,,
2019,8,20,270.1625585,197.4441439,189.9790738,238.6034369,219.6187358,211.1960607,216.4792417,,,,,,
2019,8,25,267.4954735,197.4441439,189.9790738,239.4507986,220.1230719,211.1960607,216.4792417,,,,,,
2019,9,1,265.7703199,197.9904031,190.2842619,239.9638284,220.4741724,211.1960607,216.4792417,,,,,,
2019,9,5,263.2423157,198.2777951,190.392305,240.353277,221.1288156,211.2362691,216.4479383,,,,,,
2019,9,10,260.7143116,198.565187,190.500348,240.7427256,221.7834587,211.2764775,216.4166349,,,,,,
2019,9,15,260.7006131,198.7533019,190.4760589,240.7427256,222.3445033,212.5657271,215.0076121,,,,,,
2019,9,20,257.5225376,198.8811036,190.5192893,240.7427256,222.8919515,212.8874085,214.1652852,,,,,,
2019,9,25,254.3444622,199.0089053,190.5625197,240.7427256,223.4393998,213.2090898,213.3229584,,,,,,
2019,10,1,251.5181878,199.0089053,190.6084569,238.653583,223.701243,212.8874085,212.8561051,,,,,,
2019,10,5,247.3519385,199.0089053,190.6084569,238.653583,223.8660568,213.2090898,212.2363039,,,,,,
2019,10,10,243.1856892,199.0089053,190.6084569,238.653583,224.0308706,213.5307712,211.6165027,,,,,,
2019,10,15,240.6961135,198.5869888,190.4878028,239.7573217,223.9644657,215.0444193,211.1713045,,,,,,
2019,10,20,236.691291,198.0534957,190.2031526,240.5131154,224.0308706,215.8047676,211.0662794,,,,,,
2019,10,25,232.6864685,197.5200026,189.9185023,241.2689091,224.0972756,216.565116,210.9612543,,,,,,
2019,11,1,230.2718021,197.1350849,189.7176773,242.4325515,224.1980814,217.0108316,211.0662794,,,,,,
2019,11,5,227.3278258,196.3414397,189.1852057,242.4325515,224.1980814,217.0108316,210.9612543,,,,,,
2019,11,10,224.3756718,195.54559,188.6512549,242.4325515,224.1980814,217.0108316,210.8562292,,,,,,
2019,11,15,224.647741,194.9171024,188.2695762,241.5091966,223.7909362,216.4151548,210.2731247,,,,,,
2019,11,20,221.9509653,194.0797586,187.5370965,241.0360232,223.2771283,216.005618,210.0023548,,,,,,
2019,11,25,219.2616599,193.2447343,186.8066458,240.5641607,222.7647436,215.5972156,209.7323349,,,,,,
2019,12,1,216.9458823,192.9793153,186.2634508,240.5558548,222.4086849,215.6023187,209.8705324,,,,,,
2019,12,5,213.8626231,192.1605196,185.5278795,240.0699618,221.6325999,214.9659835,209.6092796,,,,,,
2019,12,10,210.7793638,191.3417239,184.7923082,239.5840687,220.856515,214.3296483,209.3480268,,,,,,
2019,12,15,209.7696881,190.6982036,184.4886624,238.606558,220.2649692,213.6514999,208.9851365,,,,,,
2019,12,20,206.534669,189.98578,183.8592402,238.606558,219.3967037,212.8239419,208.6960908,,,,,,
2019,12,25,203.2996499,189.2733565,183.2298179,238.606558,218.5284382,211.996384,208.4070452,,,,,,
2020,1,1,200.3737767,189.2760423,183.1266477,238.9646461,218.1216788,212.003912,208.6960908,,,,,,
2020,1,5,197.6875274,188.5984019,182.3807682,238.9646461,217.2912724,210.8281936,208.1640513,,,,,,
2020,1,10,195.001278,187.9207615,181.6348887,238.9646461,216.4608661,209.6524753,207.6320118,,,,,,
2020,1,15,195.3881629,187.1475898,180.7739543,237.2051468,215.9690362,208.3534222,206.5319055,,,,,,
2020,1,20,193.1034221,186.5975781,180.1298428,235.4279011,215.2446719,206.9453504,205.5027005,,,,,,
2020,1,25,190.8186813,186.0475664,179.4857313,233.6506555,214.5203077,205.5372786,204.4734954,,,,,,
2020,2,1,189.0576683,186.086867,179.4202568,232.1596988,214.2864896,205.1679982,204.2419728,,,,,,
2020,2,5,186.2638233,185.8483434,179.1602107,230.078418,213.6694512,203.7878348,203.0180261,,,,,,
2020,2,10,183.4699782,185.6098197,178.9001645,227.9971371,213.0524127,202.4076713,201.7940793,,,,,,
2020,2,15,181.1794312,185.4049599,178.829612,226.6659835,212.2388695,200.8442252,200.4054066,,,,,,
2020,2,20,179.134197,185.4049599,178.829612,225.0214967,212.1594797,200.044533,199.3829666,,,,,,
2020,2,25,177.0889628,185.4049599,178.829612,223.37701,212.0800898,199.2448408,198.3605267,,,,,,
2020,3,1,177.0876379,185.5780251,179.1850516,221.855984,212.0800898,199.673678,198.5128362,,,,,,
2020,3,5,176.0376522,185.8996375,179.725616,221.855984,212.0800898,199.2448408,197.9058262,,,,,,
2020,3,10,174.9905832,186.2203565,180.2646788,221.855984,212.0800898,198.8171947,197.3005024,,,,,,
2020,3,15,173.8915602,186.4768618,180.7477913,222.9081769,212.6467027,197.9033246,196.3521323,,,,,,
2020,3,20,173.8915602,187.0107882,181.5286799,223.2462283,212.981145,197.9033246,196.3521323,,,,,,
2020,3,25,173.8915602,187.5462019,182.3117436,223.5842798,213.316519,197.9033246,196.3521323,,,,,,
2020,4,1,174.8933705,188.0453648,183.0344852,223.5842798,213.3007368,198.6285427,196.8391276,,,,,,
2020,4,5,174.8933705,188.5729877,183.6354968,223.5842798,213.7546308,199.7295608,197.1979667,,,,,,
2020,4,10,174.8933705,189.1006106,184.2365084,223.5842798,214.2085248,200.8305788,197.5568059,,,,,,
2020,4,15,174.4399652,189.6489028,184.5337379,184.3750051,215.2396608,202.366534,197.6967432,,,,,,
2020,4,20,174.1682099,189.6489028,184.5337379,182.468495,215.250615,203.4084147,198.146328,,,,,,
2020,4,25,173.8964545,189.6489028,184.5337379,180.5619849,215.2615692,204.4502953,198.5959128,,,,,,
2020,5,1,173.759756,188.8807429,183.737203,181.7549464,215.2615692,204.938964,199.4458907,,,,,,
2020,5,5,173.5345936,187.176553,182.3537835,180.5619849,215.2615692,204.938964,199.4458907,,,,,,
2020,5,10,173.3094312,185.4723631,180.970364,179.3690234,215.2615692,204.938964,199.4458907,,,,,,
2020,5,15,173.0423979,182.9683342,179.1313389,178.1372145,213.3130859,202.8735134,198.8885921,,,,,,
2020,5,20,173.0423979,181.1279533,177.6166404,176.5036875,212.0765668,202.8395954,198.8885921,,,,,,
2020,5,25,173.0423979,179.2875724,176.1019419,174.8701604,210.8400478,202.8056774,198.8885921,,,,,,
2020,6,1,174.5965109,177.9746487,174.780291,173.7275472,209.9117962,202.8056774,198.8885921,,,,,,
2020,6,5,175.1558412,177.9746487,174.780291,172.3943497,209.0789739,202.8056774,199.4960774,,,,,,
2020,6,10,175.7151714,177.9746487,174.780291,171.0611521,208.2461516,202.8056774,200.1035626,,,,,,
2020,6,15,175.2459968,177.9746487,174.780291,169.8376997,207.9124552,204.3665374,200.8024712,,,,,,
2020,6,20,175.839049,178.6747057,175.1004496,169.8376997,207.9124552,206.9009329,202.8543834,,,,,,
2020,6,25,176.4321013,179.3747628,175.4206082,169.8376997,207.9124552,209.4353284,204.9062957,,,,,,
2020,7,1,177.2394161,181.1458413,177.094441,169.8376997,208.0527496,212.3762818,206.8677393,,,,,,
2020,7,5,178.1211023,183.2039288,178.8141242,170.5945528,208.0916053,215.4776549,209.7556387,,,,,,
2020,7,10,179.0027884,185.2620164,180.5338073,171.3514059,208.130461,218.579028,212.6435381,,,,,,
2020,7,15,179.4078661,186.58712,181.7326649,174.8331784,208.0916053,219.1139174,214.0337422,,,,,,
2020,7,20,180.2474796,188.9651435,183.6988652,177.1587385,208.130461,222.4077984,217.2938803,,,,,,
2020,7,25,181.0870932,191.343167,185.6650655,179.4842986,208.1693166,225.7016794,220.5540185,,,,,,
2020,8,1,180.8953851,192.5679456,186.7112147,179.2088517,209.0666402,228.4400884,222.7450448,,,,,,
2020,8,5,182.3191701,195.0940465,188.6451256,182.2223533,210.5545737,231.9470601,226.0563295,,,,,,
2020,8,10,183.742955,197.6201475,190.5790364,185.235855,212.0425072,235.4540318,229.3676142,,,,,,
2020,8,15,185.2462614,198.9979428,191.2864776,187.8608136,212.9278649,236.2713184,230.7035306,,,,,,
2020,8,20,187.3664042,201.5956482,193.3684197,192.2262467,215.5701285,239.942657,233.8503038,,,,,,
2020,8,25,189.4865471,204.1933537,195.4503618,196.5916798,218.2123921,243.6139955,236.9970771,,,,,,
2020,9,1,190.4890752,205.7237402,196.991122,199.2788941,220.3516216,246.8882025,238.5968777,,,,,,
2020,9,5,192.9198844,208.0825738,199.0548362,204.0495188,223.7658916,250.303753,241.7901956,,,,,,
2020,9,10,195.3506935,210.4414074,201.1185505,208.8201435,227.1801615,253.7193035,244.9835135,,,,,,
2020,9,15,197.8487963,211.811283,202.1727128,211.8006374,229.6113958,254.9672395,247.3937393,,,,,,
2020,9,20,199.52045,213.3898164,203.686991,216.0793701,232.6414785,257.0204094,249.8168935,,,,,,
2020,9,25,201.1921037,214.9683498,205.2012693,220.3581029,235.6715611,259.0735794,252.2400478,,,,,,
2020,10,1,200.5923696,215.3227192,205.7935279,222.3267834,236.831628,259.5643615,252.7709039,,,,,,
2020,10,5,201.2781528,215.9752408,206.6262277,225.4431825,238.9163049,260.5696026,253.9059667,,,,,,
2020,10,10,201.9639359,216.6277625,207.4589274,228.5595817,241.0009819,261.5748436,255.0410296,,,,,,
2020,10,15,202.1004905,216.6524246,207.8504898,229.7795904,241.7421176,261.421624,255.023087,,,,,,
2020,10,20,202.9493659,216.6524246,207.8504898,231.6613659,243.0648631,262.0466146,255.4922078,,,,,,
2020,10,25,203.7982413,216.6524246,207.8504898,233.5431414,244.3876085,262.6716052,255.9613285,,,,,,
2020,11,1,205.5225296,216.3462503,207.8504898,234.7567084,244.8196938,263.6945557,256.2515706,,,,,,
2020,11,5,205.5225296,215.7421158,207.7512449,234.85206,245.5300321,263.6945557,256.2515706,,,,,,
2020,11,10,205.5225296,215.1363032,207.652,234.9474115,246.2423436,263.6945557,256.2515706,,,,,,
2020,11,15,203.9133195,214.4918606,207.1475487,234.9474115,246.6096611,263.0402235,255.741083,,,,,,
2020,11,20,202.4334286,213.6275569,206.516846,234.9474115,246.6214876,262.7064846,255.5160851,,,,,,
2020,11,25,200.9576372,212.7656473,205.8878905,234.9474115,246.6333141,262.3736702,255.2917104,,,,,,
2020,12,1,199.8846232,212.2603929,205.4011273,234.9474115,246.6333141,262.5116808,255.5160851,,,,,,
2020,12,5,198.1333239,211.4265824,204.6020996,234.3387981,246.6333141,262.0281726,255.1281388,,,,,,
2020,12,10,196.3820246,210.5927719,203.8030719,233.7301847,246.6333141,261.5446644,254.7401926,,,,,,
2020,12,15,195.3741642,210.2648547,203.3873247,232.6107039,246.3391783,260.8151099,253.2820535,,,,,,
2020,12,20,193.6769321,209.4585043,202.5217077,231.4457876,246.0556322,260.2889437,253.2820535,,,,,,
2020,12,25,191.9797001,208.6521538,201.6560906,230.2808712,245.7720862,259.7627775,253.2820535,,,,,,
2021,1,1,191.0550657,208.202762,201.1414909,229.9315179,245.5962699,259.9584303,253.8817283,,,,,,
2021,1,5,189.6471636,207.3948301,200.2740144,228.5142163,245.2155839,259.3973414,253.8817283,,,,,,
2021,1,10,188.2392615,206.5868983,199.406538,227.0969146,244.8348979,258.8362525,253.8817283,,,,,,
2021,1,15,187.7343189,206.2674302,199.0135219,226.0782489,244.6887282,258.4377103,253.4118712,,,,,,
2021,1,20,186.6374216,205.4188451,198.1843255,224.3592792,244.1522021,257.483499,252.5405303,,,,,,
2021,1,25,185.5405242,204.5702599,197.3551291,222.6403095,243.6156761,256.5292878,251.6691893,,,,,,
2021,2,1,185.2983812,204.0131842,196.9108561,221.8813103,243.1209607,256.3866172,250.6410068,,,,,,
2021,2,5,184.1626768,203.1519045,196.1280324,219.919368,242.5329535,254.6262851,249.5250236,,,,,,
2021,2,10,183.0269724,202.2906247,195.3452086,217.9574257,241.9449464,252.8659529,248.4090404,,,,,,
2021,2,15,181.8414662,201.4025366,194.6213437,216.1230834,241.2121665,250.7684656,246.9630803,,,,,,
2021,2,20,180.9588996,201.1124463,194.2702068,214.5495677,241.2121665,248.6818382,246.9606142,,,,,,
2021,2,25,180.076333,200.822356,193.91907,212.9760521,241.2121665,246.5952107,246.958148,,,,,,
2021,3,1,180.2317578,200.822356,193.91907,212.0517897,241.3568146,245.3616608,246.9606142,,,,,,
2021,3,5,179.7498437,200.822356,193.91907,212.0517897,241.6272319,244.1931478,246.958148,,,,,,
2021,3,10,179.2679296,200.822356,193.91907,212.0517897,241.8976493,243.0246347,246.9556819,,,,,,
2021,3,15,178.5493292,200.9475404,193.9720105,212.0517897,241.962918,242.8392728,246.5162755,,,,,,
2021,3,20,178.5493292,202.0792387,194.9300107,213.026675,242.5642531,242.8392728,246.5162755,,,,,,
2021,3,25,178.5493292,203.2077935,195.8853498,214.0015603,243.1639179,242.8392728,246.5162755,,,,,,
2021,4,1,178.6312556,204.1302227,196.7289444,217.3301317,243.5333876,242.9657946,246.5388597,,,,,,
2021,4,5,179.9179342,206.4729888,198.7024182,220.9846664,244.6297317,243.5314802,246.9812134,,,,,,
2021,4,10,181.2081968,208.8222807,200.6813892,224.6493808,245.7291297,244.0987414,247.4247993,,,,,,
2021,4,15,182.0815924,210.304443,201.8426076,226.6549862,245.8896757,243.9168957,247.576,,,,,,
2021,4,20,184.9916822,213.8093838,204.8111227,231.3247976,248.0536084,245.6716397,248.7311247,,,,,,
2021,4,25,187.9017719,217.3143247,207.7796378,235.9946091,250.217541,247.4263837,249.8862494,,,,,,
2021,5,1,190.6300367,219.080447,209.4690172,238.8596067,251.4931817,249.1923345,250.390266,,,,,,
2021,5,5,194.468383,223.9976932,213.5449939,244.3337234,255.4493949,252.3052002,252.7568368,,,,,,
2021,5,10,198.3067292,228.9149395,217.6209705,249.8078402,259.405608,255.4180659,255.1234077,,,,,,
2021,5,15,199.9656938,232.405936,220.4170563,252.5972689,262.7288585,257.328136,257.0175525,,,,,,
2021,5,20,204.1834133,238.3956151,225.1910061,258.6953815,267.8346741,261.2359684,260.563979,,,,,,
2021,5,25,208.4011329,244.3852941,229.9649559,264.793494,272.9404898,265.1438007,264.1104054,,,,,,
2021,6,1,210.9392806,248.1285816,232.6744123,268.6011832,275.9832525,267.5091355,266.7274919,,,,,,
2021,6,5,215.5569808,253.9460884,237.4147429,274.8242861,280.9784733,271.8443621,270.488969,,,,,,
2021,6,10,220.174681,259.7635953,242.1550736,281.047389,285.9736941,276.1795887,274.250446,,,,,,
2021,6,15,222.8145709,262.5546583,244.2724324,284.3337696,288.2787537,278.6010502,276.244477,,,,,,
2021,6,20,227.2719143,267.4831495,248.8926592,289.8108959,292.8107782,282.9121014,279.3713642,,,,,,
2021,6,25,231.7292577,272.4116406,253.512886,295.2880222,297.3428027,287.2231526,282.4982513,,,,,,
2021,7,1,234.3379614,274.6640657,256.9285821,298.1187639,299.7444273,289.8857684,283.7689682,,,,,,
2021,7,5,237.8436977,278.5885443,260.5158769,302.2099175,303.6385959,293.399618,286.1234047,,,,,,
2021,7,10,241.3494341,282.513023,264.1031716,306.3010711,307.5327644,296.9134677,288.4778412,,,,,,
2021,7,15,242.5723994,284.2399199,264.6229141,307.3223932,309.3565922,298.1313679,289.3804646,,,,,,
2021,7,20,244.8005961,287.1055427,266.8291331,310.2666639,312.2816209,300.4813495,291.1435466,,,,,,
2021,7,25,247.0287928,289.9711654,269.0353521,313.2109346,315.2066497,302.831331,292.9066286,,,,,,
2021,8,1,247.4528119,291.0998556,270.0545,314.9761294,316.305479,303.664862,293.1246549,,,,,,
2021,8,5,248.9846813,292.9166582,271.5469719,316.9312709,318.2637397,305.1495257,294.9388148,,,,,,
2021,8,10,250.5165508,294.7334609,273.0394439,318.8864124,320.2220003,306.6341894,296.7529747,,,,,,
2021,8,15,250.8784459,295.1293637,273.2441141,319.2555166,320.7390306,306.784467,297.7283817,,,,,,
2021,8,20,252.4599434,296.189556,274.2914927,320.0423715,322.0729242,307.9046679,300.2143459,,,,,,
2021,8,25,254.041441,297.2497483,275.3388713,320.8292264,323.4068178,309.0248689,302.7003101,,,,,,
2021,9,1,256.1888091,297.2980185,275.7449692,320.2079753,323.6522203,309.4920128,304.5305608,,,,,,
2021,9,5,256.8921691,298.2176198,276.783865,320.8655453,324.9332078,310.7505305,307.3686357,,,,,,
2021,9,10,257.5955292,299.137221,277.8227608,321.5231153,326.2141954,312.0090481,310.2067107,,,,,,
2021,9,15,257.2407521,299.4647576,278.1042941,322.3014603,326.9829384,313.0336605,311.7732345,,,,,,
2021,9,20,257.5955292,300.7875621,279.4859717,323.3302216,328.477862,314.1972562,314.4047205,,,,,,
2021,9,25,257.9503063,302.1103666,280.8676494,324.3589829,329.9727855,315.3608518,317.0362066,,,,,,
2021,10,1,257.8215623,302.9631563,281.7397149,324.7217448,330.7763186,315.1861408,318.3768864,,,,,,
2021,10,5,258.6660548,304.8316424,283.6922532,326.0093517,332.4078255,316.5685089,320.5260661,,,,,,
2021,10,10,259.5105473,306.7001285,285.6447915,327.2969585,334.0393325,317.9508769,322.6752457,,,,,,
2021,10,15,259.674754,307.9885423,286.8348791,329.7682559,334.7614858,318.8883633,323.0195196,,,,,,
2021,10,20,261.8179917,310.1299928,289.2486633,329.7682559,336.6353969,321.1090965,325.150619,,,,,,
2021,10,25,263.9612295,312.2714433,291.6624475,329.7682559,338.5093079,323.3298297,327.2817185,,,,,,
2021,11,1,266.500351,313.3512608,293.3318222,325.4626648,339.6749903,325.1830574,328.896418,,,,,,
2021,11,5,269.3822435,315.5388949,295.7611741,325.4626648,341.7773809,327.672175,331.1815632,,,,,,
2021,11,10,272.264136,317.7265291,298.1905259,325.4626648,343.8797716,330.1612927,333.4667083,,,,,,
2021,11,15,273.0219453,318.7975206,299.0546845,327.0026656,344.9106773,331.2103287,334.0874496,,,,,,
2021,11,20,276.2274542,321.0681634,301.3954226,330.2472728,347.14735,333.5546848,336.576345,,,,,,
2021,11,25,279.4418673,323.3451136,303.7426627,333.5008928,349.3902357,335.905553,339.0721539,,,,,,
2021,12,1,282.494219,324.8695642,305.2283034,336.5605321,351.3668394,337.4654896,341.1387813,,,,,,
2021,12,5,285.4320483,326.9078774,307.4811196,341.7082328,352.9762767,339.4102357,343.6433238,,,,,,
2021,12,10,288.3617396,328.9405442,309.7276953,346.8416739,354.5812559,341.3495947,346.1409286,,,,,,
2021,12,15,287.1928422,328.4030325,309.6935889,349.4265304,353.0234757,340.5730021,346.0004966,,,,,,
2021,12,20,290.8962559,331.2456134,312.6439022,355.9501271,355.1833913,343.2649476,349.0817131,,,,,,
2021,12,25,294.5996696,334.0881944,315.5942156,362.4737239,357.3433069,345.9568932,352.1629297,,,,,,
2022,1,1,299.4975115,337.9318147,319.1118424,371.5739027,361.3820956,349.7655206,355.4974351,,,,,,
2022,1,5,303.9491167,341.1207819,322.2326864,374.3262167,363.7758547,352.8699636,359.0494065,,,,,,
2022,1,10,308.400722,344.3097492,325.3535304,377.0785307,366.1696137,355.9744066,362.6013778,,,,,,
2022,1,15,310.3543087,344.9823319,326.2305811,377.0785307,366.0329579,356.7337794,364.382163,,,,,,
2022,1,20,313.154282,347.1904497,328.2481223,377.0785307,367.1521867,358.7871627,366.8415698,,,,,,
2022,1,25,315.9542552,349.3985675,330.2656634,377.0785307,368.2714154,360.8405461,369.3009766,,,,,,
2022,2,1,315.9933293,350.2782097,330.8969638,376.7680076,369.2963415,363.1090779,369.9164724,,,,,,
2022,2,5,317.948983,352.1613709,332.3203923,376.7680076,369.3719985,363.1368803,371.3464404,,,,,,
2022,2,10,319.9046367,354.0445322,333.7438208,376.7680076,369.4476556,363.1646828,372.7764084,,,,,,
2022,2,15,321.1847691,355.0518407,334.1456198,378.3834475,369.4476556,363.1368803,372.9780501,,,,,,
2022,2,20,322.9325504,356.606256,335.3652647,378.3834475,369.4476556,363.1646828,373.9914099,,,,,,
2022,2,25,324.6803316,358.1606712,336.5849097,378.3834475,369.4476556,363.1924853,375.0047696,,,,,,
2022,3,1,325.5450198,358.865274,337.2735584,378.3834475,368.8078102,363.6943642,375.4338151,,,,,,
2022,3,5,326.6878893,359.9334474,338.418617,378.3661488,368.383025,363.9135085,376.4132391,,,,,,
2022,3,10,327.8307587,361.0016208,339.5636756,378.3488501,367.9582399,364.1326528,377.3926631,,,,,,
2022,3,15,327.8803642,361.947123,340.8414965,378.3661488,367.9867247,364.2604043,378.8885297,,,,,,
2022,3,20,328.6468976,361.947123,341.0905576,377.7146307,367.3237298,364.2604043,378.8885297,,,,,,
2022,3,25,329.4113018,361.947123,341.3396188,377.0631126,366.6625765,364.2604043,378.8885297,,,,,,
2022,4,1,329.4560686,361.6838109,341.0905576,366.7430251,365.474922,362.2611347,377.0935558,,,,,,
2022,4,5,330.5152333,361.6838109,341.3396188,341.0556548,365.0726544,362.2611347,377.0935558,,,,,,
2022,4,10,331.5773483,361.6838109,341.5886799,315.296732,364.6703868,362.2611347,377.0935558,,,,,,
2022,4,15,332.5919705,361.6838109,341.7009096,269.9233137,364.6703868,362.2611347,377.0935558,,,,,,
2022,4,20,333.9500969,362.6123871,342.9179519,249.098898,364.6703868,363.085533,377.8165299,,,,,,
2022,4,25,335.3082233,363.5409633,344.1349942,228.2744822,364.6703868,363.9099314,378.5395041,,,,,,
2022,5,1,336.1241623,367.4972999,346.1812921,231.2512452,366.6892266,366.948192,381.8312638,,,,,,
2022,5,5,337.3058653,368.2418041,347.4248303,228.2744822,367.4924721,367.3505862,382.3909047,,,,,,
2022,5,10,338.4875684,368.9863083,348.6683685,225.2977192,368.2957176,367.7529805,382.9505456,,,,,,
2022,5,15,338.7597987,368.7293561,348.676123,226.2653967,368.6866142,367.4193327,382.9505456,,,,,,
2022,5,20,339.8586121,368.9863083,349.1356428,225.2977192,368.6866142,367.7529805,382.9505456,,,,,,
2022,5,25,340.9574255,369.2432606,349.5951626,224.3300418,368.6866142,368.0866282,382.9505456,,,,,,
2022,6,1,341.9053721,369.3836988,349.5273236,224.2958289,368.6792658,368.5698496,382.9505456,,,,,,
2022,6,5,342.7999324,369.5265655,349.7224293,223.436095,368.466369,369.0188252,382.5188153,,,,,,
2022,6,10,343.6944927,369.6694323,349.9175351,222.5763611,368.2534722,369.4678008,382.087085,,,,,,
2022,6,15,343.4682391,369.5265655,349.9070972,221.7979432,367.6221301,369.5153698,380.7109512,,,,,,
2022,6,20,344.3314136,369.7006419,350.1111714,220.9990497,367.6221301,369.9978583,379.7621826,,,,,,
2022,6,25,345.1945882,369.8747183,350.3152456,220.2001562,367.6221301,370.4803469,378.813414,,,,,,
2022,7,1,346.1384038,370.2695786,350.4002568,219.4416274,367.6221301,371.431268,378.2495203,,,,,,
2022,7,5,347.1158051,370.767041,350.7428003,219.4416274,367.8738617,371.431268,377.7749722,,,,,,
2022,7,10,348.0932064,371.2645033,351.0853437,219.4416274,368.1255933,371.431268,377.3004242,,,,,,
2022,7,15,347.7090915,371.3618709,350.9530877,219.4416274,369.1518716,371.2204104,377.5181033,,,,,,
2022,7,20,349.2184202,372.1879537,351.8238887,219.9493718,370.2746144,371.2204104,377.3004242,,,,,,
2022,7,25,350.7277488,373.0140365,352.6946898,220.4571162,371.3973572,371.2204104,377.0827451,,,,,,
2022,8,1,352.8875781,374.1747063,354.0241959,222.1916326,372.4600911,372.7388986,377.0875122,,,,,,
2022,8,5,354.6624485,374.897455,355.0968056,222.1916326,373.4875757,372.7388986,376.6865767,,,,,,
2022,8,10,356.4373189,375.6202037,356.1694154,222.1916326,374.5150602,372.7388986,376.2856412,,,,,,
2022,8,15,357.1356504,375.8016972,356.8704204,221.5721414,374.9322545,372.5905763,375.9578613,,,,,,
2022,8,20,358.0927721,375.8016972,357.1869375,221.1678808,375.4120372,372.1105257,375.2957467,,,,,,
2022,8,25,359.0498939,375.8016972,357.5034546,220.7636202,375.8918198,371.6304751,374.6336321,,,,,,
2022,9,1,359.4480573,375.5842416,357.5034546,220.6840107,375.836652,371.0817566,374.4850477,,,,,,
2022,9,5,359.4480573,375.5842416,357.5034546,220.1703299,375.8918198,370.3386457,373.3760038,,,,,,
2022,9,10,359.4480573,375.5842416,357.5034546,219.6566491,375.9469876,369.5955349,372.26696,,,,,,
2022,9,15,358.4473201,375.854175,357.024611,219.5151476,375.9344932,369.1174385,370.7887083,,,,,,
2022,9,20,357.9171688,376.3156511,357.024611,218.5994769,375.9469876,368.3949715,369.7505276,,,,,,
2022,9,25,357.3870175,376.7771272,357.024611,217.6838061,375.9594821,367.6725045,368.7123469,,,,,,
2022,10,1,357.4600411,377.8916221,357.6198229,217.1404365,375.9594821,367.2935832,368.8505511,,,,,,
2022,10,5,356.7973009,377.8916221,357.6198229,215.5919763,375.9594821,366.7263107,368.1851004,,,,,,
2022,10,10,356.1345607,377.8916221,357.6198229,214.0435162,375.9594821,366.1590383,367.5196498,,,,,,
2022,10,15,355.6805913,377.8434655,356.9006359,213.0011112,375.354923,366.5258486,367.6258791,,,,,,
2022,10,20,354.6034679,376.9546732,355.7392335,210.857176,373.9539654,365.5586093,366.4232743,,,,,,
2022,10,25,353.5263444,376.0658809,354.5778311,208.7132408,372.5530078,364.59137,365.2206695,,,,,,
