year,month,day,Temperature_Max,Temperature_Avg,Temperature_Min,Dew Point_Max,Dew Point_Avg,Dew Point_Min,Humidity_Max,Humidity_Avg,Humidity_Min,Wind Speed_Max,Wind Speed_Avg,Wind Speed_Min,Pressure_Max,Pressure_Avg,Pressure_Min,Precipitation_Total
2019,1,1,34,29.2,23,33,27.6,21,100,93.9,88,15,8.4,3,29.2,29.1,28.6,0
2019,1,2,33,27.9,23,32,26.1,21,100,92.8,88,18,8.4,3,29.2,29,28.8,0.01
2019,1,3,36,31.2,29,27,24,22,88,74.8,62,17,11,6,29,28.9,28.8,0
2019,1,4,50,36.1,29,31,27.8,26,96,74.2,44,9,4.8,0,28.8,28.7,28.6,0
2019,1,5,47,36,26,35,30.8,26,100,82.7,61,17,6.8,0,28.8,28.7,28.6,0
2019,1,6,38,34,29,32,24.4,21,86,68.7,52,13,7.8,0,29.3,29.1,28.9,0
2019,1,7,52,37.9,29,48,33.1,20,96,83,67,23,15.8,9,29.2,28.9,28.6,0
2019,1,8,48,40.8,31,41,35.7,24,96,82.4,64,26,14.2,0,28.8,28.7,28.6,0.09
2019,1,9,31,25.2,21,23,16.6,11,81,70.1,57,23,17.7,13,29.1,28.9,28.8,0.05
2019,1,10,25,21,19,15,12.4,10,81,69.6,57,20,13.1,6,29.3,29.2,29.1,0
2019,1,11,27,22.1,16,15,10.5,6,77,62,41,7,4,0,29.4,29.3,29.3,0
2019,1,12,28,26.4,24,20,17.4,14,75,68.9,60,14,8.3,0,29.4,29.3,29.3,0
2019,1,13,30,22.9,16,17,13.7,12,84,68.8,47,14,9.3,0,29.3,29.3,29.3,0
2019,1,14,33,22.8,12,20,15,8,88,73.5,52,14,4.9,0,29.3,29.2,29.1,0
2019,1,15,27,26.3,25,25,23.6,21,96,89.6,78,16,8.8,5,29.1,29,28.9,0
2019,1,16,31,26.3,17,28,19.5,8,92,76.5,53,15,9.5,0,29.3,29.1,28.9,0
2019,1,17,29,25.2,16,28,20.3,8,96,81.8,71,10,6.6,0,29.2,29.1,28.9,0
2019,1,18,29,27.1,24,28,22.2,14,96,82.6,65,15,7.8,0,29.1,29,28.9,0
2019,1,19,24,18.6,15,18,14.3,10,89,83.7,60,22,13.3,7,29.1,29,28.8,0
2019,1,20,13,4.9,-3,7,-3.1,-15,84,70.5,53,22,15.7,8,29.3,29,28.8,0
2019,1,21,16,2.5,-11,66,0.7,-16,78,34.7,0,13,5,0,29.5,29.4,29.3,0
2019,1,22,30,22.7,10,27,15.1,0,100,64.6,0,15,11.9,7,29.4,27.8,0,0
2019,1,23,42,34.5,28,41,33.1,22,100,95.1,78,20,9.6,3,28.9,28.7,28.5,0
2019,1,24,28,25.1,22,21,18.6,17,89,76.4,66,17,12.8,8,28.7,28.7,28.6,0.36
2019,1,25,22,14.2,7,19,7.1,-4,89,73.9,56,28,16.4,9,29.1,28.9,28.7,0
2019,1,26,16,10,1,13,2.8,-4,88,73.7,52,12,5,0,29.1,29,28.8,0
2019,1,27,16,12.2,1,13,4.9,-4,88,73.6,49,23,10.7,0,29,28.9,28.7,0
2019,1,28,34,18.5,-1,32,14.6,-6,96,84.7,66,24,12.3,0,29,28.6,28.5,0
2019,1,29,19,10.2,0,14,2.1,-9,84,70.1,53,22,14.9,6,28.8,28.7,28.6,0
2019,1,30,0,-5.8,-14,-10,-15.2,-23,72,64,51,23,14.8,9,29.1,28.9,28.7,0
2019,1,31,4,-5.2,-14,-8,-13.9,-20,79,66.9,55,17,9.6,5,29.3,29.2,29.1,0
2019,2,1,14,5.4,-6,6,-5,-13,84,63.2,45,7,2.5,0,29.3,29.2,29.2,0
2019,2,2,45,30.2,11,37,24.5,6,93,79.9,70,21,10.3,5,29.2,29,28.9,0
2019,2,3,53,44.4,36,47,41,34,100,88.8,71,12,8.2,5,28.9,28.8,28.8,0
2019,2,4,51,48.1,44,49,45.9,41,100,92.4,80,21,10.3,3,28.8,28.7,28.6,0
2019,2,5,43,32.1,26,42,28.8,22,97,87.7,79,20,10.6,5,29.1,29,28.8,0.13
2019,2,6,34,30.3,26,34,29.7,22,100,97.7,84,14,6.8,0,29,28.9,28.8,0.27
2019,2,7,50,34.6,29,50,34.1,29,100,98.2,82,31,10.8,0,29,28.7,28.4,0.05
2019,2,8,30,16.3,12,25,8.2,2,82,70.9,54,31,21.5,14,29.5,29.1,28.7,0.02
2019,2,9,23,15.4,9,9,4.3,0,71,62,48,17,7.3,0,29.7,29.6,29.6,0
2019,2,10,25,20.6,16,19,14.4,10,92,78.1,55,10,6.3,0,29.6,29.3,29.1,0
2019,2,11,28,24.6,21,24,20.9,18,92,85.9,81,15,9.2,6,29.2,29.1,29.1,0.07
2019,2,12,34,29.5,24,33,27.5,21,100,92.1,79,26,13.1,5,29,28.6,28.4,0.16
2019,2,13,29,24.5,20,27,20,16,92,83.1,72,30,18.2,6,28.9,28.6,28.4,0.25
2019,2,14,42,29.9,16,33,24,14,96,80.2,60,12,6.4,0,28.9,28.7,28.4,0
2019,2,15,40,26.4,18,35,18.6,11,86,72.5,63,32,19,7,28.9,28.6,28.4,0.01
2019,2,16,25,22.3,19,16,14.7,13,81,73.1,65,12,6.8,0,29.1,29,28.9,0
2019,2,17,24,22.2,21,20,17.1,13,92,81.1,71,14,9.8,6,29,28.9,28.8,0
2019,2,18,26,19.8,8,18,13,4,93,76.4,53,14,8,0,29.4,29.1,28.8,0.09
2019,2,19,28,15.1,3,10,4,-2,87,64.6,33,7,1.8,0,29.6,29.5,29.4,0
2019,2,20,37,28.2,18,34,24.1,9,100,85.3,66,18,11.3,6,29.4,28.9,28.7,0
2019,2,21,37,33.4,27,31,23.1,19,82,66.4,50,23,15.3,6,29.2,29,28.7,0.01
2019,2,22,36,28,18,20,18.4,15,92,68.9,50,8,4.5,0,29.4,29.3,29.2,0
2019,2,23,37,32.9,26,36,27.7,20,100,82.1,62,15,11.3,3,29.3,28.9,28.5,0
2019,2,24,45,35.2,23,45,31.8,19,100,87.6,70,33,20.8,7,28.6,28.3,28.1,0.29
2019,2,25,23,18.3,14,19,10.8,6,89,73,55,37,24.5,7,29.3,29,28.6,0.02
2019,2,26,20,16.3,13,12,7.6,4,84,69.6,50,10,7.6,5,29.4,29.4,29.3,0
2019,2,27,23,17.1,11,16,12.7,8,92,82.9,74,14,8.1,0,29.3,29.1,28.9,0.07
2019,2,28,26,17.2,2,15,9.3,0,92,72.6,55,8,3.1,0,29.2,29.1,29.1,0.01
2019,3,1,33,23.5,9,17,13.5,5,92,67.6,48,6,2,0,29.1,29.1,29,0
2019,3,2,30,27.5,21,24,19,14,89,70.6,58,15,6.2,0,29.1,29.1,29,0
2019,3,3,27,20,11,18,12.7,-1,89,74.1,58,17,6.8,0,29.1,29,28.9,0
2019,3,4,15,10.3,5,6,0.9,-3,74,65.9,54,21,11.9,5,29,29,28.9,0
2019,3,5,18,12.6,7,9,4.5,-2,85,70.6,52,21,13,7,29,28.9,28.9,0
2019,3,6,19,13.9,3,12,5.8,0,87,70.5,52,20,9.6,0,29.2,29.1,29,0
2019,3,7,23,17.3,13,14,8.8,5,88,71.3,46,12,6.2,0,29.3,29.2,29.1,0
2019,3,8,36,22.7,8,18,11.6,4,85,65.5,37,6,1.6,0,29.2,29.1,29.1,0
2019,3,9,35,28.6,15,34,21.2,12,100,75.9,43,23,11.3,0,29.1,28.9,28.4,0
2019,3,10,46,37.7,34,45,34.2,26,100,87.6,70,29,17.1,8,29,28.6,28.4,0
2019,3,11,37,31.4,27,25,20.3,17,76,64.3,48,24,16,9,29.2,29.1,29,0.01
2019,3,12,43,32.4,21,24,19,16,88,61.1,35,12,5.6,0,29.3,29.2,29.1,0
2019,3,13,52,41.4,33,44,34.7,25,93,77.7,62,14,7.9,5,29.1,28.9,28.9,0
2019,3,14,62,52.5,42,56,48.2,35,100,85.7,61,25,13,5,28.8,28.5,28.3,0.04
2019,3,15,46,38.3,32,37,33.5,27,93,83.3,71,24,16.6,12,28.9,28.7,28.5,0.51
2019,3,16,34,30.1,24,28,21.1,15,93,70.6,52,23,13.8,6,29.2,29.1,28.9,0.12
2019,3,17,36,28.4,17,24,17.3,14,88,65.5,43,10,4.4,0,29.2,29.2,29.1,0.01
2019,3,18,42,32,25,27,21.6,15,100,69.6,36,16,5.5,0,29.3,29.2,29.2,0
2019,3,19,47,36.1,23,24,21.8,20,88,59.1,36,13,5.5,0,29.3,29.3,29.2,0
2019,3,20,45,38,33,39,32.3,23,100,82,48,13,7.8,3,29.2,29,28.9,0
2019,3,21,39,37.6,35,39,35.5,30,100,92.5,82,16,6.3,0,28.9,28.8,28.8,0.19
2019,3,22,41,34.7,28,31,26.8,18,92,74.4,45,21,14.2,7,29.1,28.8,28.7,0
2019,3,23,45,33.2,22,22,17,12,82,55.3,28,12,6.8,0,29.2,29.2,29.1,0.01
2019,3,24,57,41.9,31,30,25.3,20,79,54.4,29,17,7.5,0,29.1,29.1,29,0
2019,3,25,42,33.3,25,24,16.1,7,81,52.8,27,20,8.3,0,29.2,29.2,29.1,0
2019,3,26,44,33.5,24,20,14.9,12,69,48.7,28,10,5.1,0,29.4,29.3,29.3,0
2019,3,27,51,40,27,25,17.7,12,69,44.4,21,13,6.5,0,29.3,29.2,29.1,0
2019,3,28,65,53.3,42,45,37.5,24,76,56.1,39,17,10.6,6,29.1,28.9,28.9,0
2019,3,29,51,43.3,37,34,28,21,89,56.4,41,12,7.6,5,29.1,29,28.9,0.04
2019,3,30,41,35.7,30,39,34.1,27,100,94.4,70,21,11.3,5,28.8,28.7,28.6,0.66
2019,3,31,31,26.5,23,27,17.3,12,92,69.7,49,22,16.3,9,29.2,29,28.8,0.34
2019,4,1,42,32.5,21,24,17.9,13,75,56.2,38,16,8.8,0,29.3,29.2,29.1,0
2019,4,2,53,43.6,34,35,28.4,23,73,55.9,41,17,11,5,29.1,28.9,28.9,0
2019,4,3,51,43.8,39,33,23.3,13,79,47.8,26,33,16.8,3,29.2,29.1,28.9,0
2019,4,4,42,36.9,32,27,21.5,18,75,54.6,40,15,9.5,5,29.4,29.3,29.2,0
2019,4,5,54,43.5,33,43,36.3,25,92,76.5,63,9,6,0,29.2,29.1,29,0.02
2019,4,6,65,51.7,37,46,42.1,37,100,72.8,45,9,2.6,0,29.1,29.1,29.1,0
2019,4,7,66,54.8,41,57,47.6,40,100,78.5,50,14,7.8,0,29.1,28.9,28.7,0
2019,4,8,69,60.9,55,57,46,34,93,62.6,31,22,12.4,3,28.8,28.7,28.6,0.04
2019,4,9,62,51.6,44,41,35.1,28,73,54.9,35,28,16.5,10,28.8,28.7,28.6,0
2019,4,10,43,36.8,30,34,27.3,18,96,70,48,14,9.9,5,29.1,29,28.8,0
2019,4,11,46,35.9,30,33,29.6,26,100,80,51,20,12.7,6,29.1,29,28.7,0.1
2019,4,12,61,53.5,42,52,41,30,96,65.3,38,23,13.4,0,28.9,28.7,28.6,0.01
2019,4,13,56,45.7,38,30,25.5,22,67,47.1,31,22,12.3,3,29,29,28.9,0.1
2019,4,14,38,35.1,33,35,31.9,25,97,88.8,60,22,13.2,7,29,28.6,28.4,0.03
2019,4,15,51,39.6,33,32,28.4,22,96,69.1,35,20,13.8,0,29,28.8,28.4,0.27
2019,4,16,54,45.5,40,45,38,24,93,76.3,53,12,5.7,0,29,29,28.9,0
2019,4,17,55,47.7,42,48,42.7,40,96,83.7,64,17,9.7,5,29,28.9,28.6,0.08
2019,4,18,64,57.6,44,59,53.6,43,100,86.8,72,22,12.2,8,28.6,28.6,28.5,0.04
2019,4,19,43,39.9,38,41,38,35,100,92.9,86,23,15.3,8,28.7,28.6,28.6,0.54
2019,4,20,42,40.3,37,42,39,36,100,95.2,89,23,11.6,0,28.8,28.7,28.6,0.03
2019,4,21,67,50.6,39,45,40,31,100,73.6,28,10,5.3,0,29.1,28.9,28.8,0
2019,4,22,70,58.7,43,46,41.9,38,89,57.5,31,16,8.6,0,29.1,29.1,28.9,0
2019,4,23,66,54.8,43,54,44.9,35,80,69.6,62,25,14,6,28.9,28.8,28.7,0.04
2019,4,24,61,50,37,38,33.2,27,89,56.4,28,14,4.8,0,29,28.9,28.8,0
2019,4,25,59,52.2,47,47,41.5,34,100,68.7,55,10,6,0,28.8,28.7,28.5,0
2019,4,26,59,49.9,42,47,39.8,29,100,71.4,40,31,17.1,7,28.7,28.5,28.4,0.88
2019,4,27,49,41.9,34,38,29.3,18,93,62.6,46,22,11.3,3,28.8,28.8,28.7,0
2019,4,28,53,42.3,34,38,29.4,19,100,65,34,13,8.4,3,29.2,29,28.8,0.22
2019,4,29,43,39.5,34,39,33.1,19,97,79.5,47,15,7.2,0,29.2,29.1,29,0
2019,4,30,50,44,40,44,40.1,37,100,87.2,68,15,8.3,3,29.3,29.2,29.1,0
2019,5,1,67,55.5,44,58,51,43,100,85.6,70,20,12.6,7,29.1,28.9,28.8,0.86
2019,5,2,59,52.4,45,55,50.2,45,100,92.6,75,12,6.2,0,29.1,29,28.9,0
2019,5,3,51,46.6,43,51,43.3,38,100,88.9,73,12,8.2,5,29,29,28.9,0.13
2019,5,4,62,52,45,42,39.4,37,80,63.5,43,9,5.7,0,29,28.9,28.9,0
2019,5,5,70,56.9,40,44,41.3,37,97,60.4,32,13,3.5,0,28.9,28.8,28.8,0
2019,5,6,72,56.3,46,57,50.5,43,100,82.8,48,13,5.1,0,29.1,28.9,28.8,0
2019,5,7,53,43.8,39,45,37.9,29,96,80.5,59,14,7.2,3,29.2,29.2,29.1,0.87
2019,5,8,58,49.4,38,39,33.8,28,73,56,44,17,12,5,29.2,29.1,28.9,0.17
2019,5,9,74,62.9,50,65,54.8,32,87,75.3,50,16,11.6,6,28.9,28.7,28.7,0
2019,5,10,55,50.9,46,48,40.5,35,83,68.4,51,22,13.2,5,29.1,28.9,28.8,0.03
2019,5,11,50,45.2,38,35,32.3,28,89,62.4,44,10,6.5,0,29.1,29.1,28.9,0
2019,5,12,52,47.1,42,45,41.3,37,97,80.7,66,15,9.8,6,28.9,28.8,28.7,0
2019,5,13,51,45.8,42,42,39.4,36,97,79.8,56,18,10.5,5,28.9,28.8,28.7,0.05
2019,5,14,66,54.8,38,40,36.9,35,93,55.4,32,15,7.5,0,28.9,28.9,28.9,0.03
2019,5,15,71,61,49,50,41.4,34,69,49.6,37,23,10.6,3,28.9,28.9,28.8,0
2019,5,16,75,63.1,46,56,48.3,35,89,60.5,44,21,7.2,0,28.9,28.8,28.6,0
2019,5,17,65,60.4,51,60,51,43,87,71.3,60,12,5.5,0,28.9,28.8,28.7,0
2019,5,18,69,57.8,48,59,50.1,36,93,76.5,54,13,7.7,0,28.9,28.9,28.8,0.1
2019,5,19,75,63.8,54,67,61,54,100,91,66,18,8.1,0,28.8,28.7,28.6,0
2019,5,20,59,51.7,42,57,43.8,39,93,74.6,63,24,14.1,0,29.1,28.9,28.7,0.63
2019,5,21,63,52,39,42,37.8,34,96,61.8,39,9,4.8,0,29.1,29.1,29.1,0
2019,5,22,68,56.6,50,58,48.9,38,93,75.9,62,17,10,5,29.1,29,28.9,0
2019,5,23,76,66.2,57,64,57.5,45,100,77.1,33,30,14.3,5,29,28.9,28.8,0.78
2019,5,24,65,59,51,56,51.6,48,89,77,61,8,5.7,0,29.1,29.1,29,0.01
2019,5,25,83,68.5,55,67,59.9,52,94,75.5,49,18,10,5,29,28.9,28.8,0.01
2019,5,26,68,62,52,63,58,52,100,87.8,65,10,3.6,0,29,29,28.9,0.02
2019,5,27,72,57.4,48,54,49.5,44,100,79.9,37,12,3.1,0,29.1,29,28.8,0.36
2019,5,28,73,65.8,57,67,60.1,54,100,82.5,68,18,10.5,5,28.7,28.7,28.6,0.19
2019,5,29,66,58.9,55,60,56.6,53,100,92.6,78,9,4.8,0,28.8,28.7,28.6,0.08
2019,5,30,70,61.7,57,60,58.2,56,100,89,65,16,6.2,0,28.8,28.7,28.7,0.02
2019,5,31,79,67.8,54,56,53.8,50,97,64.3,40,15,7.6,0,28.8,28.8,28.7,0.04
2019,6,1,75,65.6,60,63,59.9,57,100,82.9,62,20,8.6,0,28.8,28.7,28.7,0
2019,6,2,68,59.9,51,60,47.4,31,100,67.6,37,17,9.4,0,28.9,28.8,28.7,0
2019,6,3,64,54.4,43,43,35.7,32,69,50.8,33,12,6.4,0,29.1,29,28.9,0
2019,6,4,79,65.1,49,57,49.7,42,90,59.3,34,18,7.3,0,29,27.7,0,0
2019,6,5,76,66.8,60,69,63.1,56,100,88,71,23,9.1,0,28.8,28.7,28.6,0.29
2019,6,6,72,60.4,55,59,56.7,55,100,88.8,57,9,4.8,0,28.9,28.8,28.8,0.45
2019,6,7,78,63.9,54,59,53.5,45,100,74.2,32,14,4.9,0,29,28.9,28.9,0
2019,6,8,79,69.4,57,52,48.3,41,74,49,29,17,9.7,3,29.1,29,29,0
2019,6,9,75,69,64,67,58.1,47,100,69,52,13,8.6,0,29,29,28.9,0
2019,6,10,68,63.8,53,67,60.3,46,100,88.7,64,22,13.1,5,29,28.9,28.8,0.34
2019,6,11,75,63.4,48,50,46.5,42,93,57.8,32,14,6.3,0,29.1,29.1,29,0.15
2019,6,12,74,65,56,56,49.8,40,100,61.8,31,14,8.1,3,29,28.9,28.7,0
2019,6,13,61,55.7,51,56,53.9,45,100,94,80,18,10.2,3,28.8,28.6,28.6,1.42
2019,6,14,71,62.1,48,48,44.4,41,83,55,36,17,10.6,5,29,28.9,28.8,0.11
2019,6,15,69,64.3,56,65,57.8,47,100,80.9,49,16,8.7,0,28.8,28.8,28.8,0
2019,6,16,61,57.5,53,59,54.1,46,100,88.9,72,9,6.1,3,28.9,28.8,28.8,0.02
2019,6,17,73,63.4,56,59,54,48,87,72,57,10,4.6,0,29,28.9,28.9,0.5
2019,6,18,78,68,60,61,58.1,55,93,71.5,54,7,2.6,0,28.9,28.9,28.8,0
2019,6,19,78,69.7,60,66,60.9,58,97,75.1,50,13,5.9,0,28.8,28.7,28.6,0
2019,6,20,65,61.4,55,62,59.3,52,97,92.7,83,16,9.4,3,28.8,28.6,28.6,0.04
2019,6,21,74,64.5,55,54,50.5,45,90,63.5,39,12,7,0,29,28.9,28.8,0.19
2019,6,22,76,65.1,50,50,47.4,45,89,55.3,36,10,4.8,0,29.1,29.1,29,0
2019,6,23,77,67.5,51,54,49.7,44,97,56.2,31,12,6.2,0,29.1,28.9,28.8,0
2019,6,24,78,70.5,64,69,65.1,55,97,83.7,66,21,8.1,5,28.8,28.6,28.6,0.02
2019,6,25,81,70.7,62,66,60.4,56,100,72.4,43,24,12.4,3,28.9,28.8,28.6,0.04
2019,6,26,84,75.7,66,63,58.3,54,84,57,35,16,8.8,0,29.1,29,28.9,0.01
2019,6,27,85,75.1,63,65,58.3,53,84,58.3,37,12,3.5,0,29.1,29.1,29.1,0
2019,6,28,88,79.2,68,68,64.8,60,78,61.7,46,20,6.9,0,29.1,29.1,29,0
2019,6,29,85,78.1,72,70,66.2,62,93,68.6,46,13,5.8,0,29,29,29,0
2019,6,30,82,74.3,66,62,56.5,53,73,55.3,38,12,6.5,0,29,29,28.9,0
2019,7,1,88,77.3,62,67,61.6,55,78,59.7,45,12,6.8,0,29,28.9,28.8,0
2019,7,2,89,75.8,71,70,67.2,66,93,75.7,48,25,7.1,0,28.9,28.8,28.8,0
2019,7,3,84,75.2,69,69,65.7,56,96,74.3,52,9,5.6,0,28.9,28.9,28.8,0.29
2019,7,4,86,75.3,64,72,64.5,54,90,69.8,57,13,4.3,0,29,28.9,28.9,0
2019,7,5,91,79.9,71,73,69.5,67,93,72.1,48,12,4.7,0,29,28.9,28.9,0
2019,7,6,86,78,67,72,68.4,56,87,72.9,54,15,7.9,3,29,28.9,28.9,0
2019,7,7,81,71.2,61,62,55.1,48,68,57.5,39,15,9.8,5,29,29,28.9,0
2019,7,8,81,68.5,55,56,50.8,47,77,55.3,34,9,5.4,0,29,29,29,0
2019,7,9,82,70.8,56,56,52.4,49,87,55.6,34,9,3.4,0,29.1,29,29,0
2019,7,10,90,77.9,60,70,64.3,56,86,64.5,46,13,6,0,29,28.9,28.8,0
2019,7,11,85,76.9,64,69,61.1,56,79,59.5,43,21,10.7,5,28.9,28.8,28.8,0
2019,7,12,78,66.8,60,62,56.9,55,84,71.5,50,10,6.2,0,28.9,28.9,28.8,0
2019,7,13,89,77.3,62,66,61.1,55,84,59,40,21,10.5,0,29,28.9,28.9,0
2019,7,14,83,73.1,63,56,52.3,49,70,49.7,34,10,4.8,0,29.1,29.1,29,0
2019,7,15,89,74.2,60,70,62.2,49,90,68.4,40,14,6,0,29.1,29,28.9,0
2019,7,16,82,75.1,70,73,70,66,93,84.5,69,13,6.2,0,29,28.9,28.9,0.33
2019,7,17,87,77.3,70,71,68.3,61,93,75.2,51,13,5.8,0,28.9,28.9,28.8,0.34
2019,7,18,86,77.1,65,74,67.1,59,90,72.1,54,12,6.2,0,28.9,28.8,28.8,0
2019,7,19,89,80,73,78,73.1,63,90,79.7,67,24,8.9,0,28.8,28.8,28.8,0.09
2019,7,20,93,79.4,72,73,68.5,62,91,71.2,44,29,10.5,0,28.9,28.8,28.7,0.33
2019,7,21,78,72.5,67,68,65.5,58,93,79.5,50,10,4.5,0,28.9,28.9,28.8,0.29
2019,7,22,75,68.5,61,59,54.9,51,84,62.8,46,16,8.3,0,28.9,28.9,28.9,0.01
2019,7,23,76,66.3,58,58,53.1,49,90,65.1,40,15,8.4,0,29,29,28.9,0
2019,7,24,78,67.4,58,58,54.1,50,93,66.3,40,14,5.8,0,29.1,29.1,29,0.13
2019,7,25,81,73,63,62,56.6,52,76,57.5,44,13,6.5,0,29.2,29.1,29.1,0
2019,7,26,84,75,63,63,59.6,57,93,61.4,41,10,5.3,0,29.2,29.2,29.1,0
2019,7,27,85,77.8,70,63,60.8,58,70,56.5,43,16,9.3,3,29.1,29.1,29,0
2019,7,28,86,76,70,72,67.1,63,90,74.6,55,29,7.8,0,29,29,28.9,0
2019,7,29,84,73,68,68,66.5,63,93,80.9,58,18,7.8,3,28.9,28.9,28.8,0.8
2019,7,30,81,71.7,65,67,64.3,60,93,78.9,50,16,7.1,0,29,28.9,28.8,0.23
2019,7,31,77,68.6,62,59,57.4,55,86,68.5,52,14,7.5,0,29.1,29.1,29,0.17
2019,8,1,78,67.6,55,56,52.3,50,93,61.3,37,12,4.4,0,29.1,29.1,29.1,0
2019,8,2,80,68.7,55,55,51.6,48,93,58.3,32,10,3.4,0,29.1,29.1,29,0
2019,8,3,84,72.7,59,62,58.8,55,90,63.9,44,9,3.9,0,29.1,29,28.9,0
2019,8,4,84,74.8,67,65,63.5,62,87,68.8,47,12,4.3,0,29,29,28.9,0
2019,8,5,85,76.1,66,66,61.6,54,90,63.5,35,10,4.6,0,28.9,28.9,28.8,0
2019,8,6,78,72.3,69,67,65.6,64,90,79.7,62,10,5,0,28.8,28.8,28.7,0
2019,8,7,83,74.2,65,65,60.6,55,93,65.8,38,13,5.4,0,28.8,28.8,28.7,0.15
2019,8,8,81,72.2,63,63,57.4,50,81,61.1,38,21,12.7,3,28.8,28.7,28.7,0
2019,8,9,79,69.3,59,57,51.2,48,78,55,34,20,10,0,28.9,28.9,28.8,0
2019,8,10,79,68.7,58,55,52.5,51,78,58.3,38,13,5.6,0,29,28.9,28.9,0
2019,8,11,80,71.9,58,61,57.3,54,90,62.7,42,10,4,0,29,29,28.9,0
2019,8,12,85,75.9,68,70,65.7,61,93,71.9,53,10,4.7,0,28.9,28.8,28.8,0
2019,8,13,85,73.2,67,69,60.5,51,93,67.3,42,14,7.2,0,28.9,28.8,28.7,0.2
2019,8,14,80,70.8,62,57,53,49,80,55.3,34,13,7.2,3,28.9,28.9,28.9,0
2019,8,15,78,67.7,61,61,57.7,53,90,71.7,46,15,6.2,0,28.9,28.9,28.9,0.21
2019,8,16,79,67.9,61,64,59.1,54,93,75.8,42,13,5.5,0,28.9,28.9,28.9,0
2019,8,17,83,74,67,69,63.6,57,93,72.5,42,15,6.2,0,28.9,28.9,28.8,0.11
2019,8,18,83,73.3,67,69,66.8,64,93,81.4,58,20,7.8,0,28.9,28.8,28.8,0.24
2019,8,19,82,72.8,66,67,63.9,62,96,75.5,51,8,4.5,0,29,29,28.9,0.87
2019,8,20,86,76.6,69,70,67.8,65,93,75.7,55,23,6.4,0,29,28.9,28.9,0
2019,8,21,84,72.7,68,69,66.4,58,96,82.1,53,15,7.3,0,28.9,28.9,28.8,0.19
2019,8,22,74,67.1,56,60,51.4,48,87,58.3,44,12,7.3,3,29,29,28.9,0
2019,8,23,71,62.9,55,52,49.7,47,87,64.1,44,14,7,0,29.2,29.1,29.1,0
2019,8,24,71,62.6,53,54,49.8,48,83,64.6,45,13,6.6,0,29.3,29.2,29.2,0
2019,8,25,73,65.5,56,56,53.6,50,90,67.1,44,14,9.1,0,29.2,29.1,29.1,0
2019,8,26,75,66.2,60,65,59.8,53,97,81,48,21,11.9,5,29,28.9,28.8,0
2019,8,27,79,71.6,65,68,64.4,58,97,79.1,54,13,7.8,0,28.8,28.8,28.7,0.44
2019,8,28,75,66.8,60,59,52.8,47,87,62.5,41,21,9.7,0,28.9,28.8,28.8,0
2019,8,29,79,68.8,56,64,56.1,51,90,66.3,42,17,9,0,28.9,28.9,28.8,0
2019,8,30,73,66.3,60,63,54.2,48,93,68,42,13,7.7,5,29.2,29,28.8,0.06
2019,8,31,71,62.8,50,49,46.2,42,86,56.6,40,12,6,0,29.3,29.2,29.2,0
2019,9,1,66,62.6,59,58,54.5,48,86,74.8,64,8,3.4,0,29.2,29.1,29,0
2019,9,2,78,66.9,62,65,61.2,58,97,82.9,56,14,4.3,0,29,29,28.9,0.05
2019,9,3,76,68,60,67,62.8,59,97,84.2,64,17,7.5,0,29,28.9,28.7,0.8
2019,9,4,68,64.3,60,66,55.5,51,96,74.5,55,16,8.5,0,29.1,28.9,28.8,0.03
2019,9,5,70,62.5,53,55,52.2,50,90,70.6,51,10,3,0,29.1,29.1,29,0
2019,9,6,68,63,56,60,56.5,52,93,80,60,8,4.3,0,29,28.9,28.8,0
2019,9,7,72,64.3,60,61,56.6,51,94,77.1,49,13,8.3,5,29,28.9,28.9,0.02
2019,9,8,66,60.1,54,53,50.1,45,86,69.9,56,13,7.2,3,29.2,29.1,29,0
2019,9,9,68,61,54,57,51.7,46,81,71.8,61,10,5.8,0,29.2,29.2,29.1,0
2019,9,10,83,73.2,62,69,63.2,56,87,71.2,60,10,7.4,6,29.1,29.1,29,0
2019,9,11,86,73.4,68,71,68.4,66,97,85.5,51,20,5.8,0,29.1,29,29,0
2019,9,12,69,64.8,61,66,61.9,56,96,90.4,78,13,8,5,29.2,29.1,29,1.18
2019,9,13,82,70,60,72,64.9,55,94,84.3,65,24,9.7,5,29.1,29,28.9,0.05
2019,9,14,73,64.5,57,57,53.9,52,89,69.7,49,17,8.5,0,29.1,29.1,29,0
2019,9,15,73,65.5,56,65,60.3,54,93,84,64,15,3.5,0,29.1,29.1,29,0.01
2019,9,16,77,68.8,62,65,63.1,59,96,82.3,62,14,4.8,0,29.1,29,29,0.05
2019,9,17,74,65.5,59,60,58.1,55,93,78.1,55,8,4.8,0,29.2,29.1,29.1,0
2019,9,18,77,66.6,56,59,52.8,42,93,64.8,32,12,6,0,29.2,29.1,29.1,0
2019,9,19,77,68,60,60,56.6,53,93,68.7,48,9,5.6,0,29.1,29.1,29.1,0
2019,9,20,81,70.3,60,64,60.6,57,93,73.6,47,8,1.3,0,29.1,29.1,29.1,0
2019,9,21,83,73.1,63,69,65.5,61,97,78,56,17,5.3,0,29.1,29.1,29,0
2019,9,22,83,76.4,71,66,61.5,58,79,60.9,44,18,9.9,5,29,28.9,28.7,0.01
2019,9,23,74,67.6,58,67,59.2,49,93,75.9,47,23,13.2,6,28.9,28.8,28.7,0.02
2019,9,24,75,64.7,54,56,52.2,47,93,66.9,38,16,6.3,0,28.9,28.9,28.8,0
2019,9,25,74,67.9,63,59,55.3,51,81,64.8,48,21,9.8,3,28.8,28.7,28.6,0
2019,9,26,68,61.7,49,58,45.7,38,81,58,34,22,10.7,0,28.9,28.8,28.7,0.01
2019,9,27,73,61.6,48,63,52,42,94,73.1,38,18,7.5,0,28.9,28.8,28.7,0
2019,9,28,67,62.4,51,64,59.2,49,96,89,78,16,8.4,0,29.2,29,28.8,0.81
2019,9,29,58,55.5,50,56,52.9,48,93,91.1,77,14,7.6,0,29.3,29.2,29.1,0.02
2019,9,30,74,63.4,54,68,60.3,52,100,90.1,76,12,6.9,3,29.1,29,28.9,0.76
2019,10,1,80,69,64,69,65.5,63,100,89.3,67,13,3.5,0,29,28.9,28.8,0
2019,10,2,72,59.8,52,66,57.8,50,100,93.3,83,16,7.5,0,29,28.9,28.8,0.04
2019,10,3,65,55.6,51,60,52.3,45,100,89.4,72,20,9.8,3,29.1,28.9,28.9,0.96
2019,10,4,55,50.4,43,47,43,39,89,76,62,16,10,5,29.3,29.2,29.1,0.02
2019,10,5,57,51.1,42,51,43.6,38,85,75.8,64,16,8.8,0,29.3,29.1,28.8,0
2019,10,6,66,60.1,55,53,48.5,42,81,66.9,43,21,9,0,29.1,28.9,28.9,0
2019,10,7,67,56.9,48,48,44,40,83,64.3,39,16,6.2,0,29.2,29.1,29,0
2019,10,8,67,54.7,44,47,43.6,40,93,69,43,8,2.8,0,29.2,29.2,29.1,0
2019,10,9,66,55.5,45,52,45.2,43,93,70.8,45,10,4.5,0,29.2,29.2,29.1,0
2019,10,10,68,56,47,53,48.5,45,97,78.1,45,12,5.9,0,29.2,29.1,29.1,0
2019,10,11,67,59,47,62,55,44,94,87.1,66,22,11.8,6,29.1,28.9,28.8,0
2019,10,12,49,43.5,38,43,32.5,26,93,66.8,41,16,11.3,6,29,28.9,28.9,0.35
2019,10,13,60,48.6,42,35,32.5,27,68,55.3,32,18,12.2,8,28.9,28.8,28.7,0
2019,10,14,49,44.4,35,36,33.7,31,89,67,54,14,7.3,0,29,28.9,28.8,0
2019,10,15,59,45.5,32,48,37.1,30,92,74.8,48,16,4.9,0,29.1,28.9,28.6,0
2019,10,16,60,48.3,44,54,43,36,93,82.3,66,26,14.9,6,28.7,28.6,28.5,0.48
2019,10,17,52,45.4,40,37,34.9,33,77,67.5,50,18,13.4,6,28.9,28.8,28.7,0.08
2019,10,18,54,43.6,35,38,35.2,33,93,74.3,48,9,3.5,0,29,29,28.9,0
2019,10,19,59,45.7,34,44,38.2,32,100,78.2,42,13,4,0,29,28.9,28.8,0
2019,10,20,69,51.8,43,49,45.2,41,97,81,40,5,1.3,0,28.9,28.8,28.8,0.01
2019,10,21,64,54.8,44,57,49.9,42,93,84,65,16,8.9,0,28.9,28.8,28.6,0
2019,10,22,60,52.1,45,56,43.8,36,86,73.8,52,18,11.2,6,28.7,28.6,28.6,0.26
2019,10,23,61,49.5,42,38,33.4,27,76,55.8,31,22,11.7,2,29,28.9,28.7,0.06
2019,10,24,54,47.9,43,39,36.9,35,87,66.8,50,14,6.2,0,29.3,29.2,29,0
2019,10,25,48,42.5,32,39,34.9,30,92,75.4,56,8,3.8,0,29.3,29.2,29.2,0
2019,10,26,56,41.7,29,54,38.1,27,97,87.8,56,17,7.9,0,29.2,29,28.5,0
2019,10,27,58,51,38,56,46.3,36,94,84.7,55,26,13.2,0,28.9,28.6,28.3,0
2019,10,28,63,49.8,36,47,42.1,33,96,76.8,52,9,4.4,0,29,29,28.9,0.01
2019,10,29,56,49.9,43,48,44.8,37,93,83,72,15,7.1,0,29.2,29,28.9,0
2019,10,30,45,42.6,39,43,39.8,35,93,90.1,76,10,6.9,0,29.2,29,28.8,0.06
2019,10,31,45,41.9,33,44,39.7,30,97,92.2,86,28,12.1,5,28.8,28.6,28.4,0.56
2019,11,1,40,35.3,32,30,26.3,22,89,70.4,58,24,13,6,29.1,29.1,28.9,0
2019,11,2,46,38.9,36,35,31,27,86,73.8,54,16,9.6,5,29.1,29,28.9,0
2019,11,3,44,38.1,33,32,28.1,23,82,67.8,53,17,10.2,5,29.1,29,29,0.04
2019,11,4,51,46.2,40,37,34.7,32,89,65,54,18,10.7,6,29,28.9,28.8,0.05
2019,11,5,44,38.7,29,33,25.4,19,73,59.7,41,23,12.7,5,29.2,29.1,29,0
2019,11,6,38,32.6,25,30,24.8,19,85,73.7,64,16,5.5,0,29.3,29.2,29.1,0
2019,11,7,33,29.6,24,29,21.3,14,89,72.2,46,17,11.6,7,29.2,29.2,29.1,0
2019,11,8,34,27.3,22,18,15.3,10,82,62.8,37,13,7.5,0,29.3,29.3,29.1,0
2019,11,9,38,32.4,28,25,19.3,16,67,58.7,48,14,8.6,5,29.1,28.9,28.8,0
2019,11,10,41,37.6,32,35,29.9,25,83,74.2,62,12,7,0,29,28.9,28.8,0
2019,11,11,32,28.1,21,28,24.2,17,92,85.4,75,17,10.6,5,29.1,29,29,0
2019,11,12,23,18.2,11,17,10.9,4,85,74.1,57,16,11.3,5,29.3,29.1,29.1,0.28
2019,11,13,23,16.5,8,14,8.4,4,88,71.2,57,14,7.8,0,29.3,29.2,29,0
2019,11,14,30,27.1,23,25,21.8,15,88,80.7,72,14,8.2,5,29.1,29.1,29,0
2019,11,15,34,29,23,26,22.2,20,88,76,67,15,9.3,0,29.4,29.2,29.1,0
2019,11,16,32,24.6,16,19,15.2,12,88,68.1,57,10,5.5,0,29.4,29.3,29.2,0
2019,11,17,39,29.3,16,25,19.9,12,88,69.7,49,8,4,0,29.2,29,28.8,0
2019,11,18,47,37.5,28,30,27.3,25,88,68,48,6,1.9,0,28.8,28.7,28.6,0
2019,11,19,39,33.3,25,34,30.2,21,93,88.6,82,6,1.6,0,28.9,28.8,28.7,0
2019,11,20,41,38.2,35,33,32.2,30,89,79.8,70,7,4.7,0,29.1,29.1,28.9,0
2019,11,21,51,42.8,39,48,38.7,33,93,85.5,77,24,12.4,3,29.1,28.8,28.6,0
2019,11,22,41,33.5,25,37,25.7,19,93,73.7,59,24,12.6,0,29.1,28.9,28.8,0
2019,11,23,37,30,20,27,23.2,17,89,76.6,62,13,3.5,0,29,28.8,28.6,0
2019,11,24,47,36,28,36,29.2,26,92,77.6,52,16,8.7,5,28.6,28.6,28.5,0
2019,11,25,47,41.9,35,40,36.9,33,93,82.8,68,9,4.9,0,28.6,28.6,28.6,0.04
2019,11,26,51,40.8,31,42,35.1,30,96,81.9,50,13,4.8,0,28.9,28.8,28.6,0
2019,11,27,53,44.7,36,48,39.8,30,96,83.5,61,32,18.6,9,28.9,28.5,28.3,0.68
2019,11,28,37,33.1,30,29,25.8,23,82,74.4,67,22,11.3,5,29.4,29.3,28.9,0.45
2019,11,29,35,32.5,30,28,25.6,23,85,76,70,9,4.9,0,29.4,29.3,29.1,0
2019,11,30,34,32.3,30,29,26.4,25,88,78.8,72,15,8.6,0,29.1,28.9,28.6,0
2019,12,1,37,34.7,32,35,32.4,28,97,91.3,82,22,9.1,0,28.6,28.4,28.3,0.11
2019,12,2,34,31,29,32,27.8,25,96,87.8,85,16,11.5,6,28.9,28.8,28.5,0.14
2019,12,3,34,30.3,27,28,25.6,22,89,82.9,75,13,7.9,3,28.9,28.7,28.5,0
2019,12,4,35,32.9,31,30,27.9,26,89,81.7,72,20,13.9,8,28.7,28.5,28.4,0.01
2019,12,5,36,33,30,28,24.5,22,82,71.2,66,18,9.4,0,29,28.9,28.7,0
2019,12,6,40,34.6,26,33,24.5,14,83,67.1,54,22,12,3,29.3,29,28.8,0
2019,12,7,32,27.8,23,25,17.9,14,79,67,56,8,5.5,0,29.4,29.3,29.2,0
2019,12,8,46,38.4,31,40,30.4,21,81,73,61,14,10.3,7,29.1,28.9,28.8,0
2019,12,9,49,46.7,43,46,42.9,37,93,86.8,77,28,9.8,6,28.8,28.5,28.4,0.01
2019,12,10,38,27.9,21,33,20.3,9,89,73.4,55,28,14.5,6,29.1,28.9,28.5,0.27
2019,12,11,22,19,14,12,8.4,5,74,63.9,48,31,14.5,5,29.5,29.2,29.1,0
2019,12,12,32,24.3,12,23,16.1,7,84,71.1,61,17,8.4,0,29.5,29.3,29.1,0
2019,12,13,39,32.5,27,28,24.9,22,92,74.1,62,9,4.8,0,29.1,28.9,28.7,0
2019,12,14,38,33.2,29,30,28.3,25,92,82.8,70,24,10.2,0,28.7,28.6,28.5,0
2019,12,15,29,27.7,21,25,20.9,16,88,76,63,24,10.8,0,29.1,28.9,28.6,0
2019,12,16,33,27.5,22,20,18.8,18,85,70.5,56,6,2,0,29.1,29.1,29,0
2019,12,17,31,27.1,25,22,17.6,14,81,68.4,50,16,9.9,5,29,28.9,28.8,0
2019,12,18,26,17.9,9,19,7.5,0,80,64.1,49,22,14.6,5,29.3,29,28.8,0
2019,12,19,29,19.6,9,15,7.2,2,75,59.8,41,15,5.6,0,29.3,29.2,29.1,0
2019,12,20,32,28.1,20,24,19.4,12,85,70.2,56,15,6.6,0,29.5,29.4,29.3,0
2019,12,21,47,35.5,28,26,24.5,23,82,66.3,41,13,5,0,29.4,29.3,29.2,0
2019,12,22,52,39.9,30,34,27.4,24,79,62.5,43,15,7.2,3,29.2,29.1,29,0
2019,12,23,55,40.1,29,33,29.9,26,92,70.6,34,18,7,0,29.1,29,28.9,0
2019,12,24,37,32,26,31,28.9,24,96,88.3,79,12,5.5,0,29.1,29.1,29,0
2019,12,25,49,35.8,31,38,32.6,30,100,89,61,9,4.6,0,29,28.9,28.9,0
2019,12,26,53,45,32,50,42.2,30,97,89.7,83,10,4.4,0,29,28.9,28.9,0
2019,12,27,53,42.8,34,50,38.4,28,96,84.6,76,20,11.2,7,29.2,29.1,28.9,0
2019,12,28,39,34,30,31,27.7,26,85,78.2,65,9,5.9,0,29.2,29.2,29,0
2019,12,29,44,40.9,36,43,38.8,32,100,92.5,83,15,9.3,6,29,28.7,28.5,0.01
2019,12,30,44,39,31,43,33.1,22,100,80.5,57,25,14.8,5,28.5,28.4,28.1,1.28
2019,12,31,31,28.9,27,27,23.8,21,89,81.6,72,22,14.1,8,28.6,28.5,28.4,0.02
2020,1,1,37,29.1,25,27,20.7,17,89,71.6,48,15,10.4,7,28.8,28.7,28.6,0
2020,1,2,44,39.6,33,37,29.4,24,82,67.4,57,18,9.6,3,28.6,28.6,28.5,0
2020,1,3,42,39.1,35,37,34.1,29,93,82.3,76,9,5.2,0,28.8,28.7,28.6,0
2020,1,4,35,31.5,28,30,25.7,21,92,79.3,67,17,9.1,3,28.9,28.8,28.7,0
2020,1,5,36,30.6,28,30,23.9,19,89,77,64,25,11.4,6,29,28.8,28.7,0
2020,1,6,42,35.3,30,28,22,17,76,59.9,38,22,16.4,5,29,28.9,28.7,0.02
2020,1,7,41,32.8,29,30,22.8,1,89,69.5,19,20,10.8,0,28.9,28.8,28.8,0
2020,1,8,30,20.2,7,20,12,3,85,71,54,23,13.7,0,29.4,29.1,28.8,0
2020,1,9,47,29.5,15,31,18.3,6,75,63.6,52,20,11.7,5,29.4,29.2,29,0
2020,1,10,48,44.9,43,46,41.9,33,100,89.9,56,21,7.1,0,29.1,29,28.9,0
2020,1,11,53,40.2,29,51,37.9,26,100,91.5,85,23,12.4,0,28.9,28.7,28.6,1.15
2020,1,12,29,25.3,20,26,20.5,14,89,82.1,71,23,11.9,0,29.3,29,28.6,0
2020,1,13,35,30.1,25,30,26.2,22,93,85.4,70,13,5.6,0,29.3,29.2,29.1,0
2020,1,14,38,34.7,31,32,28.9,24,89,79.5,72,15,8.5,3,29.2,29,28.9,0.08
2020,1,15,40,34.5,26,33,28.4,23,92,78.8,63,23,7.7,0,29.1,29,28.9,0
2020,1,16,34,29.4,20,28,20.3,7,79,69,57,23,16.8,12,29.6,29.3,29,0
2020,1,17,25,21.6,17,16,10.8,7,74,63.1,55,14,8.7,0,29.7,29.6,29.4,0
2020,1,18,38,30,22,34,26.2,17,93,85.8,72,26,15.9,9,29.4,28.8,28.5,0
2020,1,19,24,18.7,12,16,12.4,7,86,76.6,68,24,16.1,6,29.3,28.9,28.7,0.16
2020,1,20,24,16.6,10,10,8,5,84,69.9,48,13,6.4,0,29.5,29.4,29.3,0
2020,1,21,29,21.6,15,16,12.9,10,84,69.6,58,14,7.5,3,29.5,29.4,29.3,0
2020,1,22,30,24.3,18,18,15.9,14,84,71.2,54,15,8,5,29.3,29.2,29.1,0
2020,1,23,36,31.4,25,25,21.4,19,78,66.9,57,8,4.7,0,29.1,29.1,29.1,0
2020,1,24,36,34.6,33,36,31.7,26,100,89.3,70,14,9.8,3,29.1,28.9,28.8,0.09
2020,1,25,37,34.4,33,36,32.5,30,100,92.6,85,10,5.6,0,28.8,28.7,28.7,0.29
2020,1,26,35,33.5,33,32,30.9,29,96,90,85,17,12.2,8,28.7,28.7,28.7,0.08
2020,1,27,33,32.7,32,29,27.8,27,85,82.2,78,12,9,6,28.9,28.8,28.7,0.04
2020,1,28,33,31.2,28,28,24.8,21,92,77.6,66,13,6.9,3,29,28.9,28.9,0
2020,1,29,30,28.6,28,23,21,20,78,73.2,66,9,4.1,0,29.1,29.1,29,0
2020,1,30,30,28.3,27,24,21.8,21,85,76.8,69,6,3.2,0,29.2,29.1,29.1,0
2020,1,31,31,29.6,24,25,23.2,19,85,77.5,69,7,3.1,0,29.1,29.1,29,0
2020,2,1,34,29.7,20,31,26.2,16,96,87,82,13,7,0,29,28.8,28.6,0
2020,2,2,48,37.1,31,32,29.7,27,88,75.5,54,23,12.1,5,28.6,28.4,28.3,0.07
2020,2,3,49,38.7,29,34,31.1,27,92,75.5,54,12,5.2,0,28.8,28.7,28.6,0
2020,2,4,35,32.6,28,30,23.9,14,82,70.4,56,14,10.5,3,29,28.9,28.7,0
2020,2,5,28,24,19,21,15.8,10,88,71.4,56,14,8.2,5,29.1,28.9,28.7,0
2020,2,6,27,24.3,22,23,20,18,89,83.8,75,17,9.6,3,28.7,28.6,28.4,0
2020,2,7,31,26.6,25,23,21.2,18,88,79.9,61,20,11.1,6,28.8,28.5,28.3,0
2020,2,8,26,22.2,18,23,16.9,12,89,80.4,68,8,5.5,3,29.2,29,28.8,0.06
2020,2,9,34,27.9,19,32,24,15,92,85.4,64,18,8.8,0,29.3,29.1,28.8,0
2020,2,10,35,32.2,29,33,26.4,22,96,79.5,64,12,6.3,0,29.1,29,28.8,0.04
2020,2,11,33,28.7,26,24,20.4,17,78,71.4,63,25,11.4,3,29.1,29,28.9,0
2020,2,12,32,27.4,21,26,19.4,15,89,72.5,59,13,6.4,0,29.1,28.9,28.7,0
2020,2,13,30,23.4,8,27,18.5,-2,92,81.5,61,16,7.8,0,29.2,28.8,28.7,0.03
2020,2,14,19,9.7,-2,4,-1.9,-8,76,60.5,46,12,5.6,0,29.4,29.4,29.2,0.01
2020,2,15,31,20.3,8,24,10.7,3,80,67.2,47,15,11,6,29.4,29.1,28.9,0
2020,2,16,38,32.2,25,25,21.6,13,79,65.8,48,17,10.1,5,29.1,29,28.9,0
2020,2,17,32,27,20,29,19.1,10,89,72.5,58,14,9,3,29.2,29.1,28.9,0
2020,2,18,37,33.4,26,34,27.9,19,96,80.8,64,24,15.2,6,29.2,28.9,28.7,0.03
2020,2,19,26,22.3,17,19,9,4,78,57.3,44,21,13.2,8,29.4,29.3,29.2,0
2020,2,20,22,16.3,11,5,3.3,2,70,57.3,44,16,8.3,0,29.5,29.5,29.4,0
2020,2,21,34,22.9,11,11,6.8,4,81,53.8,32,17,11,7,29.5,29.3,29.2,0
2020,2,22,45,34,24,24,18.3,10,62,53.2,44,17,10.5,5,29.2,29.1,29,0
2020,2,23,50,40.3,29,31,23.9,18,70,52.9,39,15,8.3,5,29,28.9,28.8,0
2020,2,24,48,38.8,30,31,29.5,27,92,70.9,46,12,4.8,0,28.9,28.8,28.8,0
2020,2,25,38,33.9,30,31,28.5,25,89,80.7,68,20,12,6,28.9,28.9,28.8,0.03
2020,2,26,30,26.9,21,26,22.4,16,89,83.4,78,21,13.6,8,28.9,28.8,28.8,0.01
2020,2,27,22,20,18,16,8.9,4,81,62.4,53,32,21.7,14,28.8,28.8,28.8,0.06
2020,2,28,25,20.7,18,13,9.7,6,74,62.7,51,25,18.7,13,28.9,28.8,28.8,0
2020,2,29,32,24.8,18,13,10.2,7,68,54.4,42,18,13,8,29.1,29,28.9,0
2020,3,1,46,32.6,19,33,18.8,9,68,57.6,40,17,8.5,0,29.1,28.9,28.7,0
2020,3,2,50,45.9,40,44,36.9,28,93,72.3,48,16,9.9,3,28.7,28.6,28.6,0
2020,3,3,48,37.6,29,30,27.7,25,85,68.7,48,22,8.6,0,28.6,28.5,28.4,0
2020,3,4,44,36.4,29,28,23.2,18,75,60.2,38,20,10.9,5,29,28.8,28.6,0
2020,3,5,48,36.3,23,35,24.5,18,89,65.6,32,16,7,0,29,28.9,28.8,0
2020,3,6,36,32.1,26,32,26.6,16,92,80.7,66,24,12.4,3,29.4,29,28.8,0.02
2020,3,7,44,31.8,19,23,17.4,13,85,58.6,28,10,6.5,0,29.4,29.4,29.3,0.02
2020,3,8,58,47.6,34,27,22.8,20,57,39.2,27,18,10.8,3,29.3,29.2,29.1,0
2020,3,9,61,52.8,45,46,35.4,26,86,53.6,38,20,11,6,29.1,29,28.9,0
2020,3,10,52,44.5,32,50,37.5,21,93,78.6,37,23,11.8,0,29.1,28.9,28.7,0.34
2020,3,11,45,38.5,32,35,29.8,22,82,71.3,52,12,5.7,3,29.1,29,28.9,0
2020,3,12,50,42.7,37,40,35.9,34,89,77.7,59,14,7.3,3,28.9,28.8,28.5,0
2020,3,13,47,40.4,34,42,25,18,86,56.1,38,32,20.4,3,29.3,28.9,28.5,0
2020,3,14,36,32.5,29,23,20.5,18,75,61.6,52,10,6.8,0,29.4,29.4,29.3,0
2020,3,15,42,33,26,23,17.8,12,84,57,31,14,8,3,29.6,29.5,29.4,0
2020,3,16,44,34.4,24,34,25.8,17,86,72.2,47,10,5.9,3,29.4,29.2,29,0
2020,3,17,50,39.5,33,32,27.8,19,82,65.7,34,22,11,0,29.3,29.1,29,0.02
2020,3,18,46,37.8,30,36,29.9,20,93,74.5,53,12,7,0,29.3,29.1,29,0
2020,3,19,54,43.6,38,53,40.9,36,97,90.5,82,14,7.9,0,29.1,28.9,28.7,0.11
2020,3,20,62,46.1,27,58,39.2,16,97,77.1,61,26,17.1,8,29.4,28.9,28.6,0.32
2020,3,21,34,26.9,21,17,13.5,11,69,57.6,42,15,9.3,0,29.5,29.4,29.4,0.01
2020,3,22,36,29.5,18,28,18.6,11,92,65.9,36,14,8.3,0,29.5,29.4,29.2,0
2020,3,23,38,33.3,30,31,29,27,92,84.8,73,12,5.7,0,29.2,29.1,29,0.09
2020,3,24,43,36.8,30,30,29,27,89,74,60,13,5.4,0,29.1,29.1,28.9,0.04
2020,3,25,56,43,32,38,32.8,29,88,68.6,45,8,3.9,0,28.9,28.9,28.8,0
2020,3,26,54,47.5,40,45,40.8,36,93,78.1,66,16,7.5,0,28.8,28.8,28.7,0
2020,3,27,50,38.8,34,38,33.9,32,96,83.6,59,10,7.3,5,29,28.9,28.8,0.17
2020,3,28,49,45.6,40,48,43.9,36,97,94,86,18,8.6,0,28.9,28.7,28.7,0.79
2020,3,29,60,48.7,44,53,43.3,33,100,83.1,51,26,12.7,5,28.7,28.6,28.5,0.79
2020,3,30,44,40.9,39,36,33.6,33,89,75.3,65,23,14.3,5,29,28.9,28.7,0.01
2020,3,31,44,39.6,37,39,35.4,33,93,85.1,73,10,8.1,5,29,28.9,28.9,0.01
2020,4,1,47,42.2,38,38,36,32,93,79.6,59,12,6.9,3,29,28.9,28.9,0.04
2020,4,2,59,46,35,34,26.3,12,89,53.3,17,12,6.8,0,29.1,29,29,0
2020,4,3,60,45.6,32,33,27.5,23,79,52.7,28,12,4.5,0,29.1,29,29,0
2020,4,4,56,44.9,33,45,36.1,28,96,74,40,12,5.8,0,29,29,28.9,0
2020,4,5,54,43,37,39,32.5,24,93,70,31,12,6.6,0,29.1,29.1,29,0.03
2020,4,6,58,42.5,29,35,23.2,10,96,57.3,18,9,2.7,0,29.1,29.1,28.9,0
2020,4,7,62,51.2,42,54,42.6,15,93,74.7,27,12,6.7,0,28.9,28.7,28.5,0.06
2020,4,8,68,53.4,47,48,44.2,33,100,76.2,31,26,8.7,0,28.7,28.6,28.5,0.1
2020,4,9,48,39.1,33,45,31.2,22,92,74.3,43,32,18.5,5,28.6,28.5,28.4,0.2
2020,4,10,42,36.8,31,25,21.7,20,72,55.3,41,26,18.2,5,28.9,28.8,28.6,0.03
2020,4,11,56,44.3,29,31,24.6,21,75,48.6,28,16,7.9,0,28.9,28.9,28.8,0
2020,4,12,58,52.2,46,49,40.8,31,89,65.9,50,14,10,5,28.8,28.7,28.4,0
2020,4,13,53,45.1,33,51,37.5,17,97,76.4,48,39,16.9,0,29,28.5,28.2,0.11
2020,4,14,40,33.5,29,20,16.1,10,66,50.4,30,26,12.7,3,29,29,29,0.01
2020,4,15,35,30.7,27,28,23.6,16,88,75.3,52,22,8.6,0,29,28.9,28.9,0
2020,4,16,39,31.6,24,24,16.9,12,82,56.8,34,23,12,3,29.2,29.1,29.1,0.02
2020,4,17,35,32.8,30,31,27.4,17,92,81.4,48,9,4.3,0,29.2,29,28.9,0
2020,4,18,52,42.2,29,33,28.2,23,96,61.5,35,20,10.4,3,28.9,28.8,28.7,0.11
2020,4,19,61,47.3,31,36,29.5,19,67,51.6,35,21,12.3,5,28.8,28.7,28.6,0
2020,4,20,56,43.8,27,40,23.8,19,82,48.3,30,16,8.8,0,28.8,28.6,28.4,0
2020,4,21,46,35.9,29,41,23.5,13,89,62.8,37,29,18.8,6,28.9,28.6,28.4,0.15
2020,4,22,36,31.8,25,31,22.5,11,92,70.6,40,10,6.6,0,29,28.9,28.9,0
2020,4,23,42,36.9,33,36,34,32,97,89.5,76,13,9,6,28.9,28.8,28.7,0.22
2020,4,24,55,43.6,38,38,35.1,30,89,74,49,10,5.9,0,28.9,28.8,28.7,0
2020,4,25,56,46.3,32,35,28.7,19,79,52.5,31,14,8.4,0,29,28.9,28.9,0
2020,4,26,60,51.5,44,32,23.3,20,43,33.8,24,26,14.3,6,29.1,28.9,28.8,0
2020,4,27,62,50.1,32,43,29.9,24,79,49.5,26,13,5.2,0,29.1,29,28.9,0
2020,4,28,68,56.5,47,49,45.1,42,83,67.5,40,16,7.8,0,28.9,28.9,28.7,0.03
2020,4,29,66,56.7,51,54,50.8,46,93,81.1,60,20,11.9,0,28.7,28.5,28.4,0.08
2020,4,30,55,50.3,45,49,46.8,42,93,87.7,74,15,7.6,0,28.7,28.6,28.5,0.12
2020,5,1,63,50.9,43,40,37.3,31,86,63.6,31,14,8.4,0,29,28.9,28.7,0.59
2020,5,2,75,63,52,52,44.8,39,66,52.1,41,23,11.4,3,29,28.8,28.7,0
2020,5,3,71,60.9,44,48,38.9,32,67,46.8,25,20,11.2,3,28.9,28.8,28.7,0
2020,5,4,56,45.6,40,34,32.1,25,76,60.2,40,15,9.2,3,29.1,29,28.9,0
2020,5,5,52,43.1,36,27,19.9,13,60,41,27,15,9.3,5,29,28.9,28.9,0
2020,5,6,58,48.8,35,24,19.7,13,57,33.8,20,17,9.1,0,28.9,28.9,28.9,0
2020,5,7,62,49.7,37,35,27.1,21,60,43,27,22,10,0,28.9,28.8,28.7,0
2020,5,8,41,36.2,30,27,19.6,11,75,52,38,20,11.8,3,29,28.9,28.8,0
2020,5,9,50,39.3,28,20,16.8,10,56,41.3,29,28,15.2,6,29,29,29,0
2020,5,10,56,43.5,33,43,34.5,20,93,74.3,38,20,9.3,0,29,28.9,28.8,0
2020,5,11,44,38.4,34,32,28.3,21,86,67.7,51,16,12.7,5,29.1,29,28.9,0.95
2020,5,12,57,44.3,30,31,22.2,14,75,47.4,21,22,9.9,0,29.2,29.1,29.1,0
2020,5,13,57,45,28,30,25,21,88,49.5,28,12,4.2,0,29.3,29.2,29.1,0
2020,5,14,61,53.9,46,60,49,22,97,85.1,39,12,5.2,0,29.1,28.9,28.8,0.01
2020,5,15,70,62.3,58,61,58.7,54,96,88.3,63,12,7.8,0,29,28.8,28.7,1.38
2020,5,16,68,59.1,50,53,48.9,44,89,69.9,54,13,8.2,5,29.1,29.1,29,0.15
2020,5,17,58,54.8,52,53,48.9,42,93,81.3,60,16,10.9,6,29.1,29,28.9,0
2020,5,18,59,56.3,53,57,54.5,52,97,93.6,90,16,11.3,3,28.9,28.8,28.8,0.4
2020,5,19,69,58.1,55,54,52.1,47,94,81.3,54,17,11,7,29.1,29,28.9,1.01
2020,5,20,64,58.8,51,46,37.5,32,72,47,31,15,9.6,0,29.2,29.1,29.1,0.05
2020,5,21,70,61.5,50,55,46,36,81,57.6,45,10,6.1,0,29.1,29.1,29.1,0
2020,5,22,64,60.8,57,60,56.7,50,97,86.5,69,10,4.1,0,29.1,29,28.9,0
2020,5,23,71,63.1,56,59,57.3,54,97,82.4,59,10,4,0,29,29,28.9,0.14
2020,5,24,86,70.6,60,66,60.2,55,93,72,43,16,7.4,0,28.9,28.9,28.9,0.4
2020,5,25,86,75.2,64,66,63.2,60,96,68.7,44,10,4,0,29,29,28.9,0
2020,5,26,87,77.3,66,67,63.9,59,93,65.8,39,10,4.3,0,29,29,28.9,0
2020,5,27,81,74,64,65,63.5,60,93,70.8,49,13,5.3,0,29,28.9,28.9,0
2020,5,28,77,72.1,69,67,64,62,84,75.7,62,13,8.3,0,28.9,28.8,28.8,0
2020,5,29,69,64.1,59,63,56.6,51,93,77.4,54,22,10.2,0,28.9,28.8,28.8,0.04
2020,5,30,65,59.1,51,51,44.4,36,83,59.7,41,21,12.1,5,29.1,29,28.9,0.04
2020,5,31,63,53.4,43,41,34.6,31,66,50.1,35,14,7.7,0,29.3,29.2,29.1,0
2020,6,1,72,61.6,47,55,41.5,35,94,51.6,28,14,7.7,0,29.2,19,0,0
2020,6,2,88,78.1,61,66,60.8,47,71,55.5,46,17,10.2,3,28.9,28.8,28.7,0.11
2020,6,3,82,74.8,68,65,58.4,53,84,58.6,38,26,13.1,3,28.8,28.7,28.6,0
2020,6,4,85,73.7,57,62,55.9,53,87,56.7,36,8,2.3,0,28.8,28.7,28.7,0
2020,6,5,86,75.8,62,64,59.2,52,90,59.5,33,13,6.1,0,28.8,28.8,28.8,0
2020,6,6,80,70.3,58,60,52.6,44,87,56.9,28,14,7.4,0,29,28.9,28.9,0
2020,6,7,75,64.3,53,49,46.5,43,83,55.2,33,10,5.8,0,29.1,29.1,29,0
2020,6,8,81,68.4,52,50,44.9,38,71,45.4,24,9,4.5,0,29.1,29,28.9,0
2020,6,9,91,76.3,58,69,51.6,38,79,44.7,25,15,7.8,0,28.9,28.8,28.6,0
2020,6,10,90,74,67,71,65.9,53,94,77.1,52,35,14.3,6,28.6,28.6,28.5,0.01
2020,6,11,75,64.5,58,59,51.9,43,90,67.5,33,29,16.2,5,29.1,28.9,28.6,0.82
2020,6,12,69,59.9,53,54,48.4,39,93,67.7,49,14,8.2,3,29.2,29.2,29.1,0.04
2020,6,13,63,55,46,43,36.9,32,76,52.8,33,13,8.3,3,29.3,29.3,29.2,0
2020,6,14,67,58.1,46,44,38.5,35,83,50.8,31,15,8.6,0,29.4,29.3,29.3,0
2020,6,15,74,63.2,48,50,45.7,38,71,54.3,38,15,7.5,5,29.4,29.3,29.3,0
2020,6,16,80,68.3,54,52,49.1,44,80,53,34,8,4.1,0,29.3,29.3,29.2,0
2020,6,17,82,70,55,53,47.9,36,86,50.7,19,9,3,0,29.2,29.1,29.1,0
2020,6,18,85,74.1,57,57,54.2,53,87,53.2,33,10,4.4,0,29.1,29,29,0
2020,6,19,86,76.3,65,64,58.9,57,81,57.1,37,7,3.3,0,29,29,28.9,0
2020,6,20,89,78.8,63,63,59.1,56,87,54,34,9,4.6,0,29,28.9,28.9,0.09
2020,6,21,85,76.3,68,65,62.7,58,78,63.5,49,12,5.9,0,28.9,28.9,28.8,0
2020,6,22,83,75.3,69,66,63.8,61,90,68.9,47,12,5.7,0,28.9,28.8,28.7,0.01
2020,6,23,76,67.9,60,66,59.4,51,93,74.6,58,24,12.4,0,28.7,28.6,28.5,0.03
2020,6,24,73,65,56,52,49,46,84,58.3,38,17,11.4,0,28.8,28.8,28.7,0.11
2020,6,25,79,68.6,53,55,51.5,49,89,57.3,35,15,6.8,0,28.9,28.9,28.8,0
2020,6,26,83,71.6,54,68,58.7,49,96,67.4,37,18,6.2,0,29,28.8,28.7,0
2020,6,27,86,74.1,67,68,64.7,59,97,74.8,43,21,10.4,0,28.8,28.7,28.7,0.54
2020,6,28,85,74.1,62,62,58.6,56,90,61.2,38,9,3.2,0,28.9,28.8,28.8,0
2020,6,29,86,75.4,63,60,56.7,52,87,55.4,33,9,3.7,0,28.9,28.9,28.9,0
2020,6,30,86,76.8,62,62,57.4,53,86,53.9,33,12,5.2,0,29,28.9,28.9,0
2020,7,1,87,76.8,65,62,59.8,57,87,58.1,38,10,3.7,0,29,28.9,28.9,0
2020,7,2,91,79,64,65,58,52,90,53.4,26,9,3.2,0,29,29,28.9,0
2020,7,3,93,82,70,68,64.1,62,76,56.6,37,12,6.9,0,29,28.9,28.9,0
2020,7,4,89,79.3,67,65,58.5,51,81,51.9,31,12,6.1,0,29,29,28.9,0
2020,7,5,91,79.2,60,60,54.8,47,80,45.5,29,10,3.6,0,29,28.9,28.9,0
2020,7,6,93,82.7,71,66,61.8,57,73,50.8,32,9,3.5,0,29,28.9,28.9,0
2020,7,7,94,82.4,70,67,64,60,84,56.1,32,12,5.1,0,28.9,28.9,28.9,0
2020,7,8,93,81.4,73,69,66.6,63,81,62.6,37,16,5.6,0,28.9,28.9,28.8,0
2020,7,9,94,81.5,72,70,68,65,91,66.5,38,22,5.7,0,28.9,28.9,28.8,0
2020,7,10,83,73.8,69,71,68.3,66,93,83.5,60,14,7,0,28.8,28.7,28.7,0.11
2020,7,11,85,72.6,64,66,62.3,58,93,72.6,40,22,12.6,6,28.8,28.7,28.7,1.73
2020,7,12,80,71.5,65,61,58,55,81,63.5,43,15,7.3,0,28.9,28.8,28.7,0
2020,7,13,79,70.3,61,60,56.5,52,90,64,39,10,4.9,0,29,28.9,28.8,0
2020,7,14,83,73.7,61,61,57.1,54,87,58.8,39,6,4,0,29,29,29,0
2020,7,15,87,78.5,69,63,61.2,60,81,56.8,41,15,7.1,0,29.1,29,28.9,0
2020,7,16,76,71.7,68,70,68,63,97,88.5,64,9,5.6,0,29,28.9,28.9,0
2020,7,17,85,76,66,66,62.3,57,93,65,38,12,6.1,0,29.1,29.1,29,0.16
2020,7,18,89,79.5,67,70,66.7,63,90,66.4,50,14,6.6,0,29,28.9,28.9,0
2020,7,19,81,75.8,70,74,70.5,67,94,83.9,74,16,9.9,3,28.8,28.8,28.7,0
2020,7,20,82,74.8,67,67,62.1,58,93,66.9,45,15,8.5,3,29,28.9,28.9,0.31
2020,7,21,80,72.2,64,65,61.1,58,87,69.2,52,10,5.6,0,29,29,28.9,0
2020,7,22,83,76.2,71,69,67.3,66,91,74.6,60,16,8.4,3,28.9,28.9,28.9,0
2020,7,23,81,73,65,67,63.5,57,93,73.6,50,13,7.4,3,29.1,29,28.9,0
2020,7,24,82,70.3,60,63,59.3,57,96,70.7,42,9,5,0,29.1,29.1,29.1,0
2020,7,25,85,75.2,62,64,60.5,57,93,63.3,41,10,2.7,0,29.1,29.1,29,0
2020,7,26,91,80.8,68,70,66.9,62,81,63.7,47,13,7.3,0,29,28.9,28.8,0
2020,7,27,86,78.3,68,73,69.1,61,85,74,55,15,10.8,6,28.8,28.8,28.8,0
2020,7,28,84,74.9,65,62,57.4,50,84,57.2,34,18,9.7,3,28.9,28.8,28.8,0.03
2020,7,29,85,75.7,67,67,63.5,59,90,67.2,45,15,8.2,0,28.9,28.8,28.8,0.05
2020,7,30,82,71.8,64,64,60,55,90,69,42,15,5.1,0,28.9,28.9,28.8,0
2020,7,31,81,71.6,61,61,57.8,56,90,64.1,42,12,7.7,3,28.9,28.9,28.9,0
2020,8,1,79,70.3,62,67,62.4,58,90,77,54,9,4.4,0,28.9,28.8,28.7,0
2020,8,2,72,68.8,63,68,65.3,61,96,88.5,71,20,9.6,0,28.9,28.7,28.6,0.41
2020,8,3,80,69.8,64,64,61.9,59,93,77.4,52,14,7.7,0,28.9,28.9,28.9,0.45
2020,8,4,69,63.4,60,60,58,56,93,82.7,68,15,8.9,0,29,28.9,28.9,0
2020,8,5,74,64.1,55,57,52.5,49,93,68.6,41,14,5.6,0,29.1,29,29,0
2020,8,6,76,65.6,54,54,50.3,45,93,61.8,36,10,3,0,29.1,29.1,29.1,0
2020,8,7,80,68.2,54,56,52.5,49,93,60.9,36,7,2.6,0,29.1,29.1,29.1,0
2020,8,8,82,71.9,58,60,55.4,52,90,59.3,38,14,5.5,0,29.1,29.1,29,0
2020,8,9,88,78.8,68,69,64.6,57,76,62,49,14,7.9,3,29.1,29,28.9,0
2020,8,10,89,79.7,72,69,67.5,65,84,66.9,48,14,7.8,5,29,28.9,28.8,0
2020,8,11,83,74.8,64,66,60,49,84,62.6,31,14,8.2,0,29,28.9,28.8,0
2020,8,12,84,75.5,59,59,51.8,48,94,47.6,28,8,2.5,0,29.1,20.4,0,0
2020,8,13,85,74.4,59,58,55.9,48,90,56.1,28,10,5.5,0,29.1,29.1,29,0
2020,8,14,84,75.5,67,67,61,57,76,61.2,45,13,7.9,5,29,29,28.9,0
2020,8,15,87,76.5,66,69,60.7,53,85,59.6,39,8,4.8,0,28.9,28.9,28.9,0
2020,8,16,78,71.1,63,70,63.8,53,96,79.4,45,14,7.5,0,28.9,28.9,28.8,0.23
2020,8,17,81,70.8,62,59,55.4,49,86,61.2,37,14,6.8,0,28.9,28.9,28.9,0.16
2020,8,18,74,65.9,58,57,51,45,81,60.9,37,14,8.6,0,29,28.9,28.9,0
2020,8,19,74,64.7,53,53,49.8,46,90,61.3,38,8,3.6,0,29.1,29,29,0
2020,8,20,82,70.8,55,57,53.5,50,83,56,39,12,5.5,0,29,28.9,28.9,0
2020,8,21,87,75.2,64,63,58.2,56,78,57.9,35,10,5,0,28.9,28.9,28.9,0
2020,8,22,88,76.6,63,62,58.8,55,87,57.2,32,9,4,0,28.9,28.9,28.9,0
2020,8,23,89,77,64,63,61.3,58,87,61.2,37,14,4.7,0,29,28.9,28.9,0
2020,8,24,90,79.3,67,67,65.4,63,87,64,43,16,6.8,0,29,28.9,28.9,0
2020,8,25,84,76.4,67,69,61,53,91,62,34,14,8.2,0,29,28.9,28.9,0
2020,8,26,84,72.1,64,70,65.1,58,100,79.6,58,15,5.8,0,29.1,21.7,0,0
2020,8,27,91,81.4,74,70,67.8,63,87,64.6,45,18,11.5,0,28.8,28.8,28.8,0.55
2020,8,28,78,71.4,68,73,68.5,66,97,90.7,79,16,7.6,0,28.8,28.8,28.6,0.64
2020,8,29,77,68.8,61,68,60.1,50,93,75.5,45,21,13.6,8,28.8,28.6,28.5,0.25
2020,8,30,72,64.6,57,56,53,51,83,66.8,51,13,7,0,28.9,28.9,28.8,0
2020,8,31,79,69,58,60,55,50,87,63.3,39,12,6.9,0,28.9,28.9,28.8,0
2020,9,1,83,72,60,67,63.7,57,93,76.3,54,12,4.3,0,28.9,28.8,28.8,0
2020,9,2,80,71.1,60,68,62.6,51,93,76.9,38,18,8.1,0,28.8,28.7,28.7,0.01
2020,9,3,83,70.9,58,63,55.2,48,90,60.3,33,23,10.7,0,28.8,28.7,28.6,0.01
2020,9,4,73,63,53,49,45.6,43,83,55.4,34,17,8.8,0,29.1,29,28.8,0
2020,9,5,72,61.9,54,56,49,44,90,64.5,44,9,4.8,0,29.1,29.1,29.1,0
2020,9,6,71,63.3,50,59,53.8,47,93,72.3,57,17,8.6,0,29.2,29,28.7,0.03
2020,9,7,78,69.8,61,68,60.4,55,96,74.3,46,15,9.4,5,28.9,24.2,0,0.48
2020,9,8,58,56.2,54,56,53.4,52,97,90.4,83,16,9.1,5,29.1,29,28.9,0.47
2020,9,9,64,60.2,55,60,57,53,97,89.1,80,9,5.8,0,29.2,29.2,29.1,0.34
2020,9,10,62,59.7,54,61,55.4,48,96,86.1,75,12,7.3,0,29.3,29.2,29.2,0
2020,9,11,65,57.7,52,50,48.1,46,86,71.3,52,12,7.1,3,29.3,29.3,29.2,0
2020,9,12,77,65.4,53,64,57.7,48,93,77,60,17,6.6,0,29.1,29,28.8,0
2020,9,13,73,67.3,59,67,60.5,55,96,80.1,55,18,10.1,5,29.1,25.6,0,0.18
2020,9,14,64,57.5,51,50,46.5,43,86,68.2,48,10,5,0,29.4,27.9,0,0
2020,9,15,69,58.1,46,53,48.9,43,93,73.1,53,13,5,0,29.3,29.2,29.1,0
2020,9,16,76,64,53,63,54.6,47,93,73,48,12,7.1,0,29.1,29,28.9,0
2020,9,17,66,57.4,48,56,45.4,38,90,67.1,38,14,8.9,0,29.1,29.1,29,0.05
2020,9,18,59,49.9,40,40,34.5,30,82,57.9,35,16,9.5,0,29.3,28,0,0
2020,9,19,61,48.1,36,36,30.6,26,89,55.8,28,8,1.7,0,29.4,29.3,29.3,0
2020,9,20,65,52.8,39,45,38.8,35,89,62.5,37,12,4.7,0,29.4,29.4,29.4,0
2020,9,21,69,56,43,48,40.3,36,89,60.1,30,13,4,0,29.4,29.4,29.3,0
2020,9,22,73,59.4,45,52,46.2,42,90,65.5,34,8,2.8,0,29.2,29.1,29,0
2020,9,23,78,65.2,51,59,54.2,47,92,69.2,48,10,3.6,0,29,23.9,0,0
2020,9,24,75,66.4,57,57,54,51,94,67.5,44,10,5.3,0,28.9,22.5,0,0
2020,9,25,79,67.3,52,57,52.9,48,100,63.6,38,9,3.6,0,29,24.6,0,0
2020,9,26,79,67.4,55,60,57.3,53,100,72,48,16,7.8,0,28.9,27.8,0,0
2020,9,27,74,67.9,61,62,59.9,58,93,75.9,64,15,8.9,0,28.7,28.7,28.7,0
2020,9,28,63,57,50,60,53.9,48,100,89.4,81,16,7.2,0,28.7,25.9,0,0
2020,9,29,63,54.9,48,50,46.5,44,94,75.4,52,13,6.9,0,28.8,27.6,0,0
2020,9,30,61,52.3,47,49,46.4,44,90,80.7,58,20,10.2,0,28.7,28.6,28.5,0.02
2020,10,1,58,49.9,44,47,44.4,42,96,82.1,64,16,9.2,3,29,28.9,28.7,0.12
2020,10,2,51,45,37,44,36.5,31,90,73.9,46,16,9.8,0,29.1,29,28.9,0
2020,10,3,53,46.7,39,39,35.9,32,93,67.9,45,12,5.6,0,29.2,29.1,29.1,0
2020,10,4,52,47.7,43,46,42.7,39,93,83.4,68,9,6,0,29.1,29.1,29,0.08
2020,10,5,57,46.2,40,41,39.3,36,97,79,47,12,7.5,3,29.2,29.1,29,0.05
2020,10,6,67,56.8,46,48,43.2,38,76,61.1,47,14,8.5,5,29,28.8,28.7,0
2020,10,7,70,61,46,48,43,37,79,53.5,31,28,13,0,29,28.8,28.6,0
2020,10,8,68,53.6,40,43,39.8,37,89,63.5,33,14,4.8,0,29.1,29.1,29,0
2020,10,9,76,59.5,38,48,42.6,36,93,58.8,31,13,6.1,0,29.1,28.9,28.8,0
2020,10,10,73,64.8,53,60,54.6,45,80,69.5,56,16,10.2,6,29,28.8,28.8,0
2020,10,11,63,54.6,48,47,45.2,42,83,71.6,52,13,8.6,0,29.1,29,28.9,0
2020,10,12,70,56.6,49,62,52.2,44,97,85.5,68,28,11.9,3,28.9,28.8,28.6,0
2020,10,13,67,55,43,45,38.3,31,93,58.8,27,15,8.2,0,29,28.9,28.8,0.24
2020,10,14,65,53.8,42,45,39.9,35,86,60.9,42,17,7.7,0,29,28.8,28.5,0
2020,10,15,65,51.8,41,50,39.4,29,83,63.3,42,23,11.4,5,29,28.8,28.6,0.01
2020,10,16,53,42.4,32,32,28.2,21,85,59.8,31,16,7.2,0,29.1,29.1,29,0
2020,10,17,54,45.5,33,33,28.6,25,82,54.4,35,12,6.6,0,29.2,29.1,29.1,0
2020,10,18,57,47.9,41,43,37,27,93,69.4,37,14,8.7,0,29.2,29.1,29,0
2020,10,19,46,41.6,39,39,36.8,34,93,83.8,65,8,3.6,0,29.2,29.1,29.1,0.22
2020,10,20,51,45.7,38,48,39,36,93,78.4,59,14,7.5,0,29.2,29.1,28.9,0.15
2020,10,21,57,51.9,44,54,46.6,40,97,83.2,57,18,9.4,0,29.2,29,28.9,0.59
2020,10,22,57,51.4,46,57,49.3,42,100,92.7,77,10,6.3,0,29.2,29.1,28.9,0.2
2020,10,23,75,60.9,42,63,53.9,35,93,78.1,62,20,12,5,29,28.8,28.7,0.12
2020,10,24,47,39.9,33,35,29.5,26,82,67.1,48,20,9.3,0,29.2,29.1,29,0.02
2020,10,25,45,40.3,32,33,28.1,24,85,63.6,44,10,5.1,0,29.2,29.1,29.1,0
2020,10,26,45,42,39,36,34.1,32,79,73.7,65,12,7.5,0,29.2,29.1,29,0
2020,10,27,39,37.3,35,36,33.8,32,96,87.3,76,7,4.4,0,29.2,29.1,29.1,0
2020,10,28,52,41.9,36,37,32.1,25,96,71.7,35,15,8,3,29,28.9,28.9,0.17
2020,10,29,49,42,37,41,35.5,30,89,77.8,67,17,10.6,0,28.9,28.8,28.7,0
2020,10,30,37,35.1,33,31,25.8,19,89,69.3,54,14,9.1,0,29.3,29.1,28.9,0
2020,10,31,48,39.5,27,33,26,19,78,59.3,46,16,8.3,0,29.3,29.2,28.9,0
2020,11,1,47,37.3,31,41,28.2,19,86,70,54,35,21,10,29.1,28.8,28.6,0.1
2020,11,2,48,38,28,22,18.3,15,69,47,30,21,15.6,13,29.1,29,28.9,0.01
2020,11,3,61,48.8,35,35,31.6,24,78,52.8,35,13,8,0,29,29,28.9,0
2020,11,4,70,56.8,43,43,38.4,34,71,51.8,32,15,7.9,3,29.1,29.1,29,0
2020,11,5,65,56.6,51,44,42.3,41,71,59.4,46,14,7.5,3,29.1,29.1,29.1,0
2020,11,6,72,58.9,49,47,44.4,42,77,60.4,40,13,6.8,0,29.1,29.1,29.1,0
2020,11,7,72,60.4,48,45,42.1,37,77,53.4,29,12,6.6,0,29.2,29.1,29.1,0
2020,11,9,76,69.2,64,53,51.8,50,65,54.7,43,13,8.2,6,29.1,29,29,0
2020,11,10,75,67.8,60,61,55.1,51,87,64.6,50,18,11.1,0,29,28.8,28.6,0
2020,11,11,65,47.3,34,61,37.7,27,87,69.5,58,18,13.7,7,29.1,28.9,28.6,0.04
2020,11,12,49,38.2,29,33,27.5,24,89,67.6,41,8,2.4,0,29.1,29.1,29,0
2020,11,13,45,39.2,31,37,30.2,21,86,70.8,53,20,9.7,0,29.1,29,28.9,0
2020,11,14,45,34.9,23,34,24.3,19,85,66.2,53,15,7.8,0,29.1,29,28.8,0
2020,11,15,53,44,38,48,38.6,27,93,81.6,62,35,18.3,12,28.8,28.5,28.2,0.5
2020,11,16,43,37.2,33,31,25.9,21,92,65.3,45,24,13.9,3,28.9,28.9,28.8,0
2020,11,17,34,32.2,27,30,23.1,15,89,70.6,48,23,13.9,8,29.4,29.1,28.9,0.02
2020,11,18,42,33.5,23,23,20.3,17,81,59.9,43,14,7.7,0,29.5,29.4,29.2,0
2020,11,19,64,51,37,33,26.8,22,57,40.6,29,21,11.8,8,29.1,29,28.9,0
2020,11,20,62,53.7,43,42,35,29,71,49.8,38,20,11.7,6,29.3,29.1,29,0
2020,11,21,45,38.8,33,34,27.4,23,82,64.8,45,8,4.7,0,29.4,29.4,29.3,0
2020,11,22,35,33.2,32,31,29.8,26,92,87.2,70,13,8.2,6,29.4,29.1,29,0
2020,11,23,42,35.2,27,32,27.9,20,92,76,54,17,9,0,29.3,29.1,29,0.18
2020,11,24,38,32.1,22,34,27.7,18,92,84.2,65,14,7.5,0,29.3,29.1,28.9,0
2020,11,25,48,43.3,37,47,41.4,34,100,93.2,86,9,5.7,0,28.9,28.8,28.6,0.1
2020,11,26,48,44.8,41,47,41.7,35,97,89,76,16,7.4,0,29,28.8,28.6,0.45
2020,11,27,43,40.6,33,36,33.7,24,82,76.4,64,18,8.3,5,29,29,28.9,0
2020,11,28,46,36.7,28,26,23,19,82,60.5,34,13,8.8,5,29.1,29,29,0
2020,11,29,50,40.7,32,33,29.5,25,82,65.3,48,12,6.9,3,29,28.9,28.8,0
2020,11,30,40,32.5,28,33,28.5,23,89,85.4,77,20,14.5,7,28.8,28.7,28.6,0.03
2020,12,1,34,27.5,25,24,20.9,19,81,76.2,64,20,15.7,8,28.9,28.7,28.7,0.04
2020,12,2,42,34.7,28,24,19.8,12,78,56.7,34,17,14,8,29.1,29,28.9,0
2020,12,3,45,38.7,32,24,21.3,16,64,50.5,39,17,11.7,6,29,28.9,28.9,0
2020,12,4,42,38.6,36,30,26.4,23,70,62,55,15,10.6,6,28.9,28.8,28.8,0
2020,12,5,35,30,22,26,21.4,17,82,70.6,61,13,8,0,29.1,29,28.9,0
2020,12,6,31,28.5,23,22,20.2,19,85,71.4,64,8,4.9,0,29.1,29,28.9,0
2020,12,7,33,28.9,24,21,19.3,17,77,67.7,56,15,8.4,0,29,28.9,28.9,0
2020,12,8,36,31.3,21,26,23,17,85,71.8,62,17,8.9,0,29,28.9,28.7,0
2020,12,9,39,35.7,31,32,29.9,25,89,79.5,72,16,9.3,0,28.9,28.8,28.7,0
2020,12,10,48,32.9,24,34,27.8,21,96,82.7,54,13,3.1,0,29,29,28.9,0
2020,12,11,49,36.4,29,37,32.1,27,96,85.3,59,12,3.6,0,29,28.9,28.9,0
2020,12,12,53,42.1,32,48,38.9,28,97,88.6,71,18,11.9,8,28.9,28.7,28.5,0.27
2020,12,13,33,31.1,29,29,26.2,23,93,82.1,70,13,7.5,0,29.1,28.9,28.8,0.45
2020,12,14,34,30,25,25,18.6,11,72,62.9,47,24,14.1,3,29.2,29,28.9,0
2020,12,15,27,23.2,20,14,11.6,10,71,61.3,53,12,6.3,0,29.3,29.3,29.2,0
2020,12,16,28,25.6,24,22,18.6,14,85,74.9,65,16,11.9,7,29.2,29,28.9,0
2020,12,17,30,27.2,24,26,23.4,21,92,85.6,78,8,5,0,29.1,29,28.9,0.02
2020,12,18,31,27.9,26,25,22.4,20,92,80.1,69,8,4.7,0,29.3,29.2,29.1,0.01
2020,12,19,35,32.1,28,31,26.5,21,89,79.8,75,12,7.6,3,29.2,29,28.9,0
2020,12,20,37,34.1,30,34,30.2,23,96,86.1,69,13,6.2,3,28.9,28.8,28.7,0
2020,12,21,37,34.2,32,33,30.1,27,92,84.8,73,13,6.3,0,28.7,28.6,28.6,0
2020,12,22,36,34.3,32,32,28.2,25,89,78.8,64,16,9.3,0,29.1,29,28.6,0.11
2020,12,23,50,42.4,35,35,30,25,78,62.4,46,21,14,8,29.1,28.8,28.5,0
2020,12,24,50,28.8,20,41,19.6,10,89,69,54,28,15.1,7,28.7,28.6,28.4,0.06
2020,12,25,22,19.6,18,16,14.1,12,85,79.4,68,25,13.8,8,28.7,28.6,28.6,0.01
2020,12,26,26,23,20,18,15.3,11,78,72.4,68,16,10.8,5,28.9,28.8,28.7,0.01
2020,12,27,38,30.4,25,34,23.7,19,86,76.4,64,15,8.3,3,29,28.8,28.6,0
2020,12,28,41,33.3,24,38,25.9,14,93,75,54,29,15.4,6,29.3,28.9,28.6,0.17
2020,12,29,29,25.5,20,23,15.8,11,88,67.3,51,13,8,3,29.5,29.3,29.2,0
2020,12,30,39,33.5,26,36,29.2,21,93,84.6,67,26,14.3,9,29.2,26.9,0,0
2020,12,31,32,27.9,20,20,16.6,15,81,63.2,52,20,6.8,0,29.3,29.2,28.9,0.04
2021,1,1,32,27.4,18,29,23.8,14,92,86.1,78,15,7.9,0,29.3,29,28.7,0
2021,1,2,33,32.1,31,30,29.6,27,96,90.2,82,10,5.9,0,29,28.9,28.7,0.29
2021,1,3,34,32.3,31,31,29.7,27,96,90,82,8,4.3,0,28.9,28.9,28.8,0.07
2021,1,4,32,30.8,29,27,25.3,24,85,80.6,75,9,6.3,0,29,28.9,28.8,0.07
2021,1,5,32,30.5,28,29,27.3,24,96,88.1,82,10,4.7,0,29.1,28.9,28.8,0
2021,1,6,35,33.2,31,31,29.9,29,92,87.7,82,8,5.6,3,29.3,29.2,29.1,0
2021,1,7,33,31.4,27,30,25.1,20,92,78,66,14,7.1,5,29.3,29.3,29.2,0
2021,1,8,29,26.9,25,22,20.4,18,81,76.4,72,14,9.4,6,29.2,29.1,29.1,0
2021,1,9,38,26.3,19,25,20.1,16,89,78.5,55,7,5.4,3,29.2,29.1,29.1,0
2021,1,10,30,24.5,18,24,20.8,15,96,85.8,75,8,1.9,0,29.3,29.2,29.2,0
2021,1,11,29,26.8,24,24,20.8,18,92,78.1,69,16,8.2,0,29.2,29.1,29.1,0
2021,1,12,30,27.7,24,26,24.1,18,92,86.3,77,10,6.8,3,29.1,29,28.9,0
2021,1,13,42,34.9,30,30,28.1,26,88,76.8,60,14,7.7,3,28.9,28.8,28.7,0
2021,1,14,43,37.2,34,33,30.8,29,92,78.2,60,10,5.3,0,28.7,28.6,28.6,0
2021,1,15,38,34,27,32,30.2,24,96,86.6,73,10,6,0,28.6,28.5,28.4,0
2021,1,16,32,29.1,27,28,25.1,24,93,85.2,76,13,7.3,3,28.6,28.5,28.5,0.1
2021,1,17,35,32.6,29,31,29.4,27,92,87.8,78,14,6.8,3,28.6,28.6,28.5,0
2021,1,18,32,29.6,28,28,25.3,22,92,84.2,73,14,8.4,5,28.9,28.7,28.6,0.04
2021,1,19,29,27.2,23,24,20.8,16,89,77,66,20,10.8,3,29,28.9,28.9,0
2021,1,20,25,20.8,15,18,13.8,10,85,74.7,62,16,9.8,5,29.1,28.9,28.6,0.09
2021,1,21,39,33.4,26,26,22.3,15,76,64,56,26,15.2,6,28.6,28.5,28.5,0
2021,1,22,34,24.2,16,22,14.3,2,81,66.4,52,20,14.7,8,29.1,28.8,28.6,0
2021,1,23,25,18.1,13,10,6.3,2,74,60.1,49,14,6.7,0,29.3,29.2,29.1,0
2021,1,24,26,23.1,14,23,18.3,9,92,81.8,72,13,5.7,0,29.2,29.1,29,0
2021,1,25,30,24.2,16,24,19.4,12,92,82.2,69,15,5.7,0,29.1,29,28.8,0.01
2021,1,26,31,28.4,23,27,23.4,17,89,81.7,66,18,11.8,6,29,28.7,28.6,0.03
2021,1,27,25,19,12,17,10,6,82,68.8,51,15,8.6,3,29.3,29.2,29,0.07
2021,1,28,19,17.9,16,11,7.9,5,77,64.4,58,15,9.2,2,29.4,25,0,0
2021,1,29,28,17.2,7,12,7.5,1,85,67.3,51,17,4.9,0,29.4,26.2,0,0
2021,1,30,27,21.5,5,19,13.6,0,86,72.7,64,15,7.5,0,29.3,29.2,29.1,0
2021,1,31,28,25.4,23,21,19.7,17,85,79.1,69,18,13.3,8,29.1,28.9,28.9,0.01
2021,2,1,31,25.3,21,19,17.3,13,85,72.4,47,16,12.7,9,29,29,28.9,0
2021,2,2,29,24.2,18,17,11.8,7,78,60.3,43,17,12.8,9,29,29,28.9,0
2021,2,3,33,22.6,14,15,11.6,7,81,63.9,46,15,8.4,0,29,28.9,28.9,0
2021,2,4,34,26.9,15,31,21,10,96,78.9,59,20,11.5,0,28.9,28.6,28.2,0
2021,2,5,34,22,14,31,15.7,5,92,77.2,62,24,16.9,8,28.6,28.4,28.2,0.11
2021,2,6,20,15.3,13,9,6.8,5,84,69.8,57,17,11,6,28.9,28.9,28.6,0
2021,2,7,13,9.9,5,10,2.4,-3,88,72.5,54,23,10.1,3,29.2,29,28.9,0.01
2021,2,8,17,11.8,1,11,5.3,-5,88,75.8,59,10,3.2,0,29.2,29.2,29.1,0
2021,2,9,20,12.3,5,11,6.2,1,92,77.9,54,12,4.2,0,29.3,29.2,29.1,0.03
2021,2,10,19,12.4,4,8,4.3,0,84,70.9,54,8,4,0,29.3,29.3,29.2,0
2021,2,11,22,15.5,6,11,5.7,0,83,66.3,42,10,7.8,3,29.3,29.3,29.2,0
2021,2,12,23,17.8,14,17,12.1,7,86,78.6,72,13,6.7,0,29.3,29.2,29.2,0
2021,2,13,20,17.2,12,15,12,9,92,80.3,68,13,6.8,3,29.3,29.1,29.1,0
2021,2,14,21,13,6,10,7.1,3,96,78.4,57,16,8,3,29.3,29.2,29.1,0.03
2021,2,15,16,11.6,9,12,5.6,3,88,77.3,65,16,10.8,6,29.3,29.1,28.8,0.03
2021,2,16,17,12.6,0,12,6.7,-4,88,77.7,62,20,12.1,0,29.1,28.8,28.7,0.12
2021,2,17,20,8.6,-8,6,-2.2,-13,100,64.9,38,7,1.8,0,29.3,29.3,29.2,0
2021,2,18,25,19.9,11,18,13.4,3,89,76.7,62,12,6.8,3,29.3,29.2,29.1,0
2021,2,19,24,20.3,16,18,15.3,10,92,81.7,65,14,7,0,29.1,29.1,29.1,0.01
2021,2,20,27,18.7,9,15,11.6,5,88,74.6,53,14,8.3,0,29.3,29.2,29.1,0
2021,2,21,31,17.7,0,20,9.4,-4,92,71.3,51,17,7.3,0,29.4,29.2,28.9,0
2021,2,22,35,31.7,28,33,27.9,23,96,85.8,75,22,13.4,7,28.9,28.6,28.5,0.09
2021,2,23,45,36.4,32,31,29.4,27,93,77.1,49,25,13.8,3,28.8,28.6,28.4,0.02
2021,2,24,49,38.3,31,33,28.8,24,85,69.4,54,23,13.1,3,29.1,28.8,28.6,0
2021,2,25,38,28.5,0,24,17.7,0,85,62,0,15,7.5,0,29.2,29.2,29.1,0
2021,2,26,39,24.8,0,24,15.5,0,92,51,0,16,6.5,0,29.3,29.1,28.9,0
2021,2,27,46,35.5,0,34,30.3,0,100,79.8,0,17,8.1,0,29.1,28.9,28.8,0
2021,2,28,54,35.6,0,48,33.6,0,100,79.5,0,21,9.3,0,29.1,28.8,28.6,0
2021,3,1,34,21.3,0,27,11,0,75,44,0,17,9.7,0,29.3,29,28.7,0
2021,3,2,37,22.5,0,20,9.9,0,77,41.8,0,18,8.7,0,29.3,29.1,28.9,0
2021,3,3,50,32,0,32,22.9,0,88,52.2,0,17,6,0,29,28.9,28.8,0
2021,3,4,34,28.1,20,29,18,10,85,66.9,46,16,11.1,3,29.2,29.1,29,0
2021,3,5,38,28.3,19,19,14.4,10,74,56.9,43,18,11.8,6,29.2,29.1,29.1,0
2021,3,6,36,29.1,22,16,12.8,10,72,52.1,36,17,10.3,0,29.2,29.2,29.1,0
2021,3,7,39,27.5,18,20,12.2,7,78,55.8,28,8,3.7,0,29.4,29.3,29.2,0
2021,3,8,64,44.8,28,34,26.4,17,75,51,30,16,8.9,3,29.3,29.2,29.1,0
2021,3,9,56,43,29,36,32.8,26,92,69.1,47,14,6,0,29.3,29.3,29.2,0
2021,3,10,67,53.3,31,45,36.6,28,89,55.8,39,20,10.9,0,29.1,29,28.9,0
2021,3,11,67,57.3,42,48,40.8,28,67,55,30,28,17.2,9,29.1,28.9,28.8,0
2021,3,12,53,42,29,32,21.7,11,78,47.9,24,31,14.3,8,29.4,29.2,29.1,0
2021,3,13,50,36.4,20,20,13.9,7,74,43.1,24,14,7,0,29.4,29.3,29.1,0
2021,3,14,44,37.2,25,25,18.8,13,67,49.3,30,18,10.6,0,29.4,29.3,29.1,0
2021,3,15,34,28.2,20,16,9.3,1,81,48,25,18,11,0,29.4,29.3,29,0
2021,3,16,50,36.2,29,31,25.9,16,87,67.8,48,12,6.3,0,29,28.9,28.9,0
2021,3,17,56,41.1,28,36,31.1,25,92,69.9,42,16,5.9,0,29,28.9,28.9,0
2021,3,18,42,36.4,30,31,25.4,12,82,65.9,45,24,17.8,10,29.2,28.9,28.9,0
2021,3,19,46,34.7,26,19,13.8,8,66,45.2,26,18,8.7,0,29.5,29.4,29.2,0
2021,3,20,54,39,21,24,17,9,88,47.8,18,9,4,0,29.5,29.4,29.4,0
2021,3,21,63,45.6,25,26,18.6,15,85,41,16,13,5.5,0,29.4,29.3,29.2,0
2021,3,22,68,52.8,32,35,30.3,19,73,44.7,28,21,5.9,0,29.2,29.1,29,0
2021,3,23,69,56.6,47,37,31.6,25,56,39.9,25,17,7.9,0,29,28.9,28.8,0
2021,3,24,68,59.7,50,51,44.1,33,75,57.4,43,20,11.9,6,28.8,28.7,28.6,0.02
2021,3,25,64,51.5,42,45,42,40,93,71.8,45,16,8.3,3,28.9,28.8,28.6,0
2021,3,26,52,43,37,40,37.5,34,96,81.7,61,24,13.8,7,29,28.8,28.4,1.09
2021,3,27,56,44.8,34,50,36.2,30,96,73.1,51,13,7.9,3,29.1,29,28.7,0
2021,3,28,51,42.5,33,49,36.9,20,100,81.2,59,28,17.7,6,29,28.7,28.5,0.4
2021,3,29,49,39.5,29,32,22.5,17,69,52,35,18,10.6,3,29.1,29.1,28.9,0.08
2021,3,30,69,56.3,44,50,35.2,28,83,47.8,31,24,14.2,8,28.9,28.8,28.7,0
2021,3,31,50,41,31,47,28.9,19,89,64.8,39,22,14.8,10,29.1,29,28.8,0.12
2021,4,1,33,27.9,24,19,13.7,8,72,56.4,35,23,14.2,5,29.4,29.2,29.1,0
2021,4,2,44,32.8,22,18,11.4,5,66,44.6,23,13,6.1,0,29.4,29.4,29.3,0
2021,4,3,63,46.8,30,33,23.7,14,61,41.5,29,18,9.4,0,29.3,29.1,29,0
2021,4,4,67,54.1,39,33,28,21,79,40.3,18,12,5.1,0,29.2,29.1,29.1,0
2021,4,5,57,49.5,44,46,37.1,30,93,63.3,48,13,7.5,3,29.1,29,28.9,0
2021,4,6,76,59.2,41,58,46.3,35,96,65.3,38,21,5.4,0,28.9,28.9,28.8,0.17
2021,4,7,79,62.7,53,57,51.2,45,100,72.2,31,13,3.9,0,28.9,28.9,28.8,0.11
2021,4,8,75,60.7,52,58,51.3,41,93,73.3,43,21,10.1,0,28.8,28.7,28.6,0
2021,4,9,71,61.3,55,55,49.8,40,97,70.3,35,24,9.1,0,28.7,28.7,28.6,0.47
2021,4,10,71,60.4,48,58,50.3,44,97,72.3,41,15,6.6,0,28.7,28.6,28.4,0
2021,4,11,58,54.1,50,55,47.8,40,97,80.5,51,15,8.1,3,28.5,28.4,28.3,0.36
2021,4,12,59,52,47,51,47.5,43,97,85.2,64,13,5.3,0,28.9,28.6,28.5,0.04
2021,4,13,63,52.3,39,42,33,24,86,52.7,24,20,10.2,0,29.1,29,28.9,0.03
2021,4,14,52,43.8,34,34,29.5,25,89,59,38,18,8.6,0,29,28.9,28.9,0
2021,4,15,46,40.2,35,38,33.4,27,92,77.3,58,18,11.8,8,28.9,28.8,28.8,0
2021,4,16,53,42.3,37,38,34.4,31,86,74.3,57,16,11.2,0,28.9,28.8,28.8,0.02
2021,4,17,57,47.9,37,38,34.9,31,89,62.9,40,7,3.8,0,28.9,28.8,28.8,0
2021,4,18,59,50.5,40,39,29.6,22,89,49.4,26,17,7.5,0,28.8,28.8,28.8,0
2021,4,19,61,49,39,44,32,26,77,53.9,27,25,14.2,0,28.8,28.7,28.6,0
2021,4,20,38,33.5,31,31,26.5,19,96,77,50,20,7.8,0,29,28.9,28.9,0
2021,4,21,40,33.6,27,29,19.4,14,89,58.6,38,18,12.2,7,29,28.9,28.9,0.1
2021,4,22,48,37.3,27,22,17.5,13,63,45.9,30,20,10.9,5,29,29,28.9,0
2021,4,23,61,49.3,33,29,25.8,18,64,41.9,26,18,9.1,0,29,28.9,28.9,0
2021,4,24,58,49.3,36,44,36.5,28,90,63.3,40,13,5,0,28.9,28.8,28.8,0
2021,4,25,50,43.5,33,45,31.7,20,89,66.7,33,20,12.6,3,29.1,28.9,28.7,0.01
2021,4,26,50,41,32,31,26.7,20,79,58.3,38,17,10.4,5,29.1,29,28.9,0
2021,4,27,79,62.8,43,55,45,28,71,53.5,36,15,6.1,0,28.8,28.8,28.7,0
2021,4,28,75,63.8,51,61,53.5,44,83,70,54,29,10,0,28.8,28.8,28.7,0
2021,4,29,51,48.7,48,48,45.5,44,93,88.7,77,14,8.4,5,28.8,28.7,28.7,0.01
2021,4,30,54,47.6,42,45,30.9,19,87,57,27,28,17.5,12,29.1,28.9,28.8,0.3
2021,5,1,66,52,31,47,28.3,18,72,42.4,25,18,9.5,0,29.1,28.8,28.6,0.02
2021,5,2,81,72.8,65,52,49.5,47,57,44.7,31,17,13.4,8,28.6,28.6,28.6,0
2021,5,3,67,59.4,55,58,55.8,49,100,88.7,54,13,5.7,0,28.6,28.6,28.6,0.08
2021,5,4,61,57.4,49,59,53.4,41,100,87,71,18,10.4,5,28.8,28.6,28.6,0.18
2021,5,5,53,45.5,40,40,34.9,31,80,67.2,48,18,10.9,0,29.1,28.9,28.8,0
2021,5,6,52,44.2,35,40,34.6,27,89,71.5,39,6,2.6,0,29.1,29,28.9,0
2021,5,7,54,44.1,39,42,37.9,32,97,79.8,45,20,7.7,0,28.9,28.9,28.8,0.11
2021,5,8,52,43.6,37,36,32.1,27,93,67.1,39,15,8.8,0,29,29,28.9,0.17
2021,5,9,49,45.2,37,40,37.3,31,93,74.3,52,10,4.3,0,29,28.9,28.8,0
2021,5,10,54,45.5,35,36,29.1,23,93,56.4,31,21,9,0,29.1,29,28.9,0.02
2021,5,11,52,44.7,35,33,28.3,24,77,54.4,35,22,11.1,0,29.3,29.2,29.1,0
2021,5,12,63,51.3,38,34,29.3,25,73,46,26,12,6.4,0,29.4,29.3,29.3,0
2021,5,13,66,54.6,37,39,30.1,25,89,45.8,22,7,2.4,0,29.3,29.3,29.2,0
2021,5,14,71,57.8,40,36,30.2,24,82,40.5,20,10,4.6,0,29.3,29.2,29.1,0
2021,5,15,71,60.6,43,39,32.9,28,76,39,22,13,4.3,0,29.2,29.2,29.1,0
2021,5,16,66,58.5,51,49,44,38,89,60.8,40,12,4.7,0,29.2,29.2,29.1,0.01
2021,5,17,74,61.8,46,47,44,42,89,56.6,33,10,4,0,29.2,29.2,29.1,0.02
2021,5,18,77,65.4,47,52,45.5,38,93,54,26,12,4.3,0,29.3,26.8,0,0
2021,5,19,83,69.9,52,55,51.2,44,77,53.1,36,10,4.9,0,29.3,29.2,29.2,0
2021,5,20,85,77.3,63,61,55.6,50,82,49,31,12,5.7,0,29.3,29.3,29.2,0
2021,5,21,87,76,61,59,53.8,50,78,48.6,30,13,6.1,0,29.3,29.3,29.3,0
2021,5,22,85,74.5,67,62,58,54,78,57.3,41,15,7.3,0,29.3,29.2,29.1,0
2021,5,23,84,66.5,53,64,52.9,0,93,66.6,0,14,8.7,3,29.1,29.1,29.1,0.01
2021,5,24,78,65.7,53,68,49.1,0,90,61.4,0,14,4.1,0,29.1,29.1,29,0.32
2021,5,25,86,76.7,66,64,59.2,55,90,58,35,22,9.5,0,29,28.9,28.9,0.15
2021,5,26,76,67.7,55,64,58.9,49,94,75.5,41,22,10.3,6,29,28.9,28.9,0.03
2021,5,27,63,52.1,44,49,38.5,27,86,61.6,40,16,7.8,0,29.1,29.1,29,0.27
2021,5,28,45,42.9,40,41,38.5,31,93,84.9,65,22,15.2,8,29,29,28.9,0.25
2021,5,29,61,50.8,38,33,30,27,83,48.3,28,18,11.2,0,29.2,29.1,29,0.49
2021,5,30,69,56.5,40,41,32.8,28,73,44.3,24,10,3.1,0,29.2,29.2,29.1,0
2021,5,31,71,61.1,47,44,41.2,38,83,50.5,32,9,5,0,29.2,29.2,29.1,0
2021,6,1,75,65.3,50,49,44.2,39,77,48.3,33,10,4,0,29.2,29.1,29.1,0
2021,6,2,69,61.5,54,60,56,49,96,83.3,56,10,6.2,0,29.1,29,28.9,0
2021,6,3,77,66,61,61,57.8,51,97,78.5,40,8,4.4,0,28.9,28.8,28.8,0.28
2021,6,4,85,75,64,57,53.8,49,75,50.2,31,25,8.2,0,28.8,28.8,28.8,0
2021,6,5,86,78.2,70,57,54.6,49,51,44.3,36,17,11.4,5,28.9,28.9,28.8,0
2021,6,6,87,79.6,70,63,58.3,56,63,49,35,12,8.5,5,29,28.9,28.9,0
2021,6,7,80,75,70,70,67,63,93,76.7,62,14,7.3,0,29,28.9,28.9,0
2021,6,8,85,75,69,70,67.8,65,96,79.5,53,20,5.1,0,29,29,28.9,0.05
2021,6,9,86,77.3,67,70,66.4,63,96,71,46,12,4.5,0,29,29,28.9,0.27
2021,6,10,86,76.6,66,67,64.5,58,93,67.9,51,13,5.4,0,29,28.9,28.8,0
2021,6,11,88,75.1,66,67,62.3,57,96,67,41,14,4.6,0,28.9,28.8,28.8,0
2021,6,12,85,71.8,63,69,64.2,61,97,78.7,51,7,3.9,0,28.9,28.8,28.8,0.11
2021,6,13,82,73.4,68,69,61.7,52,93,70.5,35,17,8.6,0,28.9,28.8,28.8,0.01
2021,6,14,74,65.3,58,59,56.2,53,93,73.7,52,17,8.9,0,28.9,28.8,28.8,0.15
2021,6,15,73,65.2,56,55,47.9,38,90,57.1,31,18,10.3,3,29,29,28.9,0.07
2021,6,16,74,63.5,49,46,40.4,34,86,46.8,25,13,4.9,0,29.1,29,29,0
2021,6,17,83,70.3,50,53,46.5,43,86,47.4,25,16,5.8,0,29,28.9,28.8,0
2021,6,18,81,70.2,63,68,61.8,48,97,76.8,41,18,9.4,3,28.9,28.8,28.7,0.07
2021,6,19,75,66.2,61,66,61.8,58,97,86.4,62,21,4.7,0,28.8,28.8,28.7,0.34
2021,6,20,83,69.7,60,68,63,59,97,81.2,47,13,3.5,0,28.8,28.7,28.5,0.31
2021,6,21,74,66.1,50,66,59.5,39,96,80,57,28,13.2,3,28.8,27.9,0,1.33
2021,6,22,64,54.8,45,49,42.9,39,83,65.7,40,13,5.5,0,29,28.9,28.8,0
2021,6,23,72,62.6,50,56,50.2,46,89,65.4,49,16,6.2,0,29.1,29.1,29,0
2021,6,24,79,72.3,63,59,54.9,51,67,54.7,40,16,8.7,6,29.1,29,29,0.02
2021,6,25,73,70.8,68,70,67.1,59,96,88.1,61,13,8.7,5,29,28.9,28.8,0
2021,6,26,81,74.1,69,72,69.9,68,100,87.5,69,17,7.2,0,28.9,28.9,28.8,1.27
2021,6,27,86,77.8,73,73,69.1,66,93,75.1,55,17,10.5,6,29,28.9,28.8,0.49
2021,6,28,85,76.4,70,74,69.8,65,94,80.8,59,9,5.1,0,29.1,29.1,29,0.07
2021,6,29,87,75.5,70,72,69.8,63,94,83.2,58,28,6.3,0,29.1,29.1,29.1,0.27
2021,6,30,82,75,72,71,69,65,97,82.3,62,13,6.7,0,29,29,28.9,0.27
2021,7,1,76,68.8,58,64,59.7,51,90,73.8,51,16,8.9,0,28.9,28.9,28.9,0
2021,7,2,74,64.7,56,55,52.6,49,87,66.8,42,18,9.9,0,29,28.9,28.9,0
2021,7,3,80,68.4,56,65,57.4,51,87,68.8,52,12,6.4,0,28.9,28.9,28.8,0
2021,7,4,87,77.5,65,71,66.5,63,93,70.5,51,10,5.8,0,28.9,28.9,28.8,0
2021,7,5,89,80,70,70,67,65,84,65.8,48,16,9.2,3,28.9,28.9,28.9,0
2021,7,6,89,78.8,71,71,68.7,65,91,72.2,52,16,8.7,0,29,28.9,28.9,0
2021,7,7,85,75.9,70,71,68.3,66,97,78.8,55,13,5.9,0,28.9,28.9,28.8,0.42
2021,7,8,77,69.2,60,69,64.7,56,94,85.8,69,17,6.9,0,28.9,28.8,28.8,0.27
2021,7,9,74,64.4,58,55,53.2,49,87,69.3,41,14,9.3,0,29,28.9,28.9,0.27
2021,7,10,74,65.9,56,56,54.3,49,90,67.7,49,10,4.6,0,29.1,29,28.9,0
2021,7,11,67,64.7,62,63,61.3,58,93,88.8,75,13,8.5,0,29,28.9,28.9,0.03
2021,7,12,71,67.1,64,66,63.1,61,93,87.1,81,13,7.3,5,29.1,29,29,0.25
2021,7,13,81,71.8,68,70,67.7,63,100,87.3,65,18,7.3,3,29,29,28.9,0.02
2021,7,14,83,72.7,65,67,64.9,62,94,78.3,51,14,7.1,3,29.1,29,29,0.04
2021,7,15,81,74.6,70,70,67,65,90,77.4,60,17,9.3,0,29,28.9,28.9,0
2021,7,16,69,66.5,65,66,63.4,62,97,89.8,81,12,6.6,0,29,29,28.9,0.11
2021,7,17,79,69.4,64,64,60.3,54,97,75,45,12,7.3,0,29.1,29,28.9,0.8
2021,7,18,82,72.5,60,63,59.6,57,90,66,44,9,4.7,0,29.2,29.1,29.1,0
2021,7,19,83,75,67,67,63.4,60,87,68,54,13,6.8,0,29.1,29.1,29,0
2021,7,20,84,72.7,63,67,64.1,59,90,75.6,53,16,9.6,0,29,28.9,28.9,0
2021,7,21,75,66,59,58,53.4,49,84,66.1,41,13,8.4,0,29.1,29.1,29,0.16
2021,7,22,74,66.5,55,56,52.4,49,89,62.6,44,7,2.2,0,29.2,29.1,29.1,0
2021,7,23,72,67.4,61,65,61,56,93,80.1,68,12,5.8,0,29.1,29.1,29,0.08
2021,7,24,84,73.8,68,72,69.2,63,97,85.9,61,40,9,0,29,28.8,28.6,0.6
2021,7,25,86,74.5,68,70,65.2,55,100,77.2,35,16,6.7,0,28.9,28.8,28.8,1.61
2021,7,26,87,77,65,64,59.5,53,81,57.4,31,13,6.8,0,29,28.9,28.9,0
2021,7,27,81,74.8,68,67,62,58,81,64.9,50,14,7.2,0,29,29,28.9,0
2021,7,28,85,75.8,65,69,63.8,61,90,68.3,44,9,4.2,0,29,29,28.9,0
2021,7,29,84,76.5,70,72,68.8,65,90,77.8,58,21,9.9,5,28.9,28.8,28.8,0
2021,7,30,73,66.3,60,63,55.6,50,88,69.8,48,14,9.1,0,29,29,28.9,0.23
2021,7,31,77,67.2,57,58,55.3,53,89,67.4,48,13,6.1,0,29,28.9,28.8,0
2021,8,1,73,64.8,59,59,56.8,53,93,76.2,53,17,10.1,5,29,28.9,28.8,0
2021,8,2,76,66,56,56,53.1,48,90,66,38,13,5.8,0,29.1,29.1,29,0.05
2021,8,3,79,68.6,57,59,54.5,48,93,64.1,36,9,3.5,0,29.1,29,29,0
2021,8,4,81,70.4,58,63,58.9,56,93,68.9,45,8,3,0,29.1,29.1,29,0
2021,8,5,83,73.2,61,62,59.6,57,93,65.3,41,8,3.1,0,29.1,29.1,29,0.14
2021,8,6,82,73,62,64,60,57,90,66,42,18,6.9,0,29,29,28.9,0
2021,8,7,80,71.2,66,68,65.1,63,93,81.7,60,8,3.8,0,29,28.9,28.9,0.06
2021,8,8,85,74.8,67,71,67.8,65,97,80.4,55,12,5.8,0,29,28.9,28.9,0.45
2021,8,9,83,75.1,70,70,68.4,66,94,80.4,58,25,8.9,0,29,28.9,28.9,0
2021,8,10,86,76.3,71,75,69.6,67,96,80.8,55,16,9.2,0,28.9,28.9,28.8,0.69
2021,8,11,84,74.6,70,74,68.4,65,93,81.5,63,30,11,0,28.9,28.8,28.8,0
2021,8,12,85,73.4,67,71,67.4,64,100,82.9,49,29,9.4,0,28.9,28.9,28.8,0
2021,8,13,81,74.9,67,69,65,56,87,72.1,50,14,7.9,5,29.1,29,28.9,0
2021,8,14,75,67.8,61,57,51.1,44,87,57.8,35,13,7.4,0,29.2,29.2,29.1,0
2021,8,15,76,66.5,55,55,51.1,47,93,60.9,37,9,3.8,0,29.2,29.2,29.1,0
2021,8,16,74,67.1,58,64,58.8,53,87,75.3,57,9,4.6,0,29.1,29.1,29,0
2021,8,17,81,71.1,61,66,62.8,60,100,76.8,56,7,2.1,0,29.1,29,29,0
2021,8,18,83,74.8,66,67,64.5,62,93,71.8,52,10,4,0,29.1,29.1,29,0
2021,8,19,84,76.1,66,68,64.7,62,93,69.3,48,8,3.2,0,29.1,29,29,0
2021,8,20,87,77.4,66,66,62.6,42,90,63.4,21,8,3.5,0,29,28.9,28.9,0
2021,8,21,86,76.8,66,70,65.7,63,90,70.3,48,8,3.2,0,28.9,28.9,28.8,0
2021,8,22,89,78.8,71,73,69,65,93,73.8,45,10,3.9,0,28.9,28.9,28.9,0
2021,8,23,82,74.1,70,70,65.1,59,97,75.5,48,12,4.2,0,28.9,28.9,28.9,0
2021,8,24,88,76.8,67,75,67.8,64,90,75,49,24,6.2,0,29,28.9,28.9,0
2021,8,25,89,79.6,71,72,69.3,68,93,72.8,52,10,4.5,0,29.1,29,29,0.08
2021,8,26,88,79.8,72,73,69.6,66,91,72.5,51,13,6.6,0,29.1,29.1,29,0
2021,8,27,83,75.5,71,72,69.8,66,93,82.6,65,12,6.3,0,29.1,29.1,29,0.09
2021,8,28,89,72.2,0,73,65.4,0,94,73.2,0,14,5.3,0,29.1,29.1,29,0.46
2021,8,29,90,77.8,71,71,68.5,66,91,75.2,48,17,7.9,0,29,28.9,28.9,0.15
2021,8,30,81,73.7,68,69,63.1,57,93,71.7,45,13,7.4,3,28.9,28.9,28.8,0.1
2021,8,31,78,69.6,61,61,57.5,55,87,67,48,14,6.7,0,28.9,28.8,28.8,0
2021,9,1,75,66.7,57,57,52.2,48,87,62,38,16,9.2,5,29,28.9,28.8,0
2021,9,2,75,64.6,55,57,48.7,42,84,59.9,32,12,6.8,3,29.1,29.1,29,0
2021,9,3,72,62.9,50,55,50.9,48,96,67.1,47,7,3.8,0,29.1,29.1,29,0
2021,9,4,76,67.9,59,63,57.1,50,90,70.1,40,15,7.1,0,29,28.9,28.8,0
2021,9,5,78,68.1,62,63,56.4,48,93,69.1,37,18,10,0,28.8,28.8,28.7,0
2021,9,6,73,64.5,58,57,53.2,49,93,69.4,44,14,6.7,0,28.9,28.9,28.8,0.14
2021,9,7,85,64.9,0,65,54.7,0,93,66.8,0,22,9,0,28.9,28.7,28.6,0
2021,9,8,77,62.4,0,61,48.8,0,93,57,0,20,10.9,0,28.8,28.7,28.6,0
2021,9,9,70,61,54,54,51.3,48,90,72.2,47,14,8.3,0,29,28.9,28.8,0
2021,9,10,72,62.9,52,55,51.3,48,89,67.8,46,10,4.6,0,29.1,29,29,0
2021,9,11,80,70.8,60,63,56.3,52,78,61.2,45,18,9.9,3,29,28.9,28.8,0
2021,9,12,79,72.3,67,68,64.6,58,90,77.4,54,13,6.6,0,29,28.9,28.9,0
2021,9,13,67,63.6,61,63,60,56,97,88.3,70,17,6.6,0,29.1,29,28.9,0.02
2021,9,14,85,70.2,62,68,61.2,-6,100,78,3,24,8.6,0,28.9,28.8,28.7,0.51
2021,9,15,73,65.7,61,61,57.4,53,93,76,51,13,5.9,0,29.1,28.9,28.8,0.28
2021,9,16,76,66.9,54,61,55.4,51,97,68.9,48,10,5.1,0,29.1,29.1,29.1,0
2021,9,17,82,70,57,64,59.7,48,93,72.3,41,10,3.4,0,29.1,29.1,29,0
2021,9,18,76,66.7,55,63,51.3,0,84,59.8,0,13,7.2,0,29.2,29.1,29.1,0.01
2021,9,19,79,66,52,60,43.9,0,89,50,0,13,6,0,29.2,29.1,29.1,0
2021,9,20,79,70.9,62,66,62.6,58,93,75.9,48,13,7.6,0,29.1,29,28.9,0
2021,9,21,76,67.4,57,67,61,37,96,81,31,22,10.7,3,29,29,28.9,0.01
2021,9,22,57,54.5,52,55,52,50,97,91.4,86,28,15.9,6,29,28.8,28.6,0
2021,9,23,55,52.4,49,52,50.2,47,97,92.3,83,21,9.5,0,28.8,28.6,28.6,1.54
2021,9,24,70,58.3,48,51,46.3,43,93,67.8,39,16,9.3,3,28.9,28.9,28.8,0.19
2021,9,25,62,56.3,50,54,47.2,41,93,73.2,48,18,8.8,0,28.9,28.9,28.8,0.13
2021,9,26,72,61.1,49,53,47.3,42,80,61.9,48,13,7.5,3,28.9,28.9,28.8,0.19
2021,9,27,78,68,60,62,55,49,84,63.8,52,12,7.8,0,28.8,28.8,28.7,0
2021,9,28,69,59.1,52,53,50.5,47,93,75.1,49,9,5.8,0,29,28.9,28.8,0
2021,9,29,71,58.3,48,50,46.2,41,93,68.7,36,6,2.2,0,29.1,29.1,29,0
2021,9,30,71,58.1,46,51,47.6,44,93,71.6,44,6,2.5,0,29.2,29.1,29.1,0
2021,10,1,74,60.8,48,53,47.6,0,93,66,0,8,3.6,0,29.2,29.2,29.1,0
2021,10,2,75,64.1,53,64,48.3,0,97,63.4,0,9,4.8,0,29.1,29,28.9,0
2021,10,3,74,67.3,64,66,63.7,61,97,88.4,68,10,3,0,28.9,25.1,0,0.1
2021,10,4,73,65.8,63,64,62.1,60,97,87.8,71,14,4.4,0,29,19.7,0,1.01
2021,10,5,66,63,57,63,58.7,43,96,86.2,48,10,6,0,29.2,29.1,29,0.05
2021,10,6,65,62.1,60,61,59.1,57,96,90.1,78,8,5.2,0,29.3,29.2,29.2,0
2021,10,7,70,64.3,61,67,62.6,60,100,94.4,87,9,6.2,3,29.2,29.1,29.1,0
2021,10,8,70,66.7,64,65,63.1,60,94,88.4,81,10,6.1,3,29.1,29,28.9,0.06
2021,10,9,74,64.5,60,62,59.8,57,100,85.6,61,7,2,0,28.9,28.9,28.9,0.32
2021,10,10,75,68.3,64,66,63.1,60,94,83.8,69,15,8.7,0,28.9,28.9,28.8,0
2021,10,11,78,71.5,64,66,63.1,62,93,75.5,62,15,9.4,5,28.9,28.8,28.8,0.02
2021,10,12,72,66.9,63,63,58.8,56,84,75.1,65,15,9.6,6,28.9,28.8,28.8,0
2021,10,13,72,64.4,61,57,55.2,54,84,73,53,13,6.4,0,29,28.9,28.9,0
2021,10,14,77,67.7,61,66,59.6,29,93,77.4,18,14,6.3,0,28.9,28.9,28.8,0
2021,10,15,61,57.8,55,57,54.6,52,94,89.5,81,14,4.7,0,28.9,28.8,28.7,0.49
2021,10,16,56,52.6,49,54,45.8,38,96,78.9,51,22,13.6,8,28.9,28.8,28.7,0.62
2021,10,17,61,51.8,44,41,38.1,34,82,61.9,38,23,11.5,3,29,28.9,28.9,0
2021,10,18,64,51.1,41,44,39.7,36,90,68.1,35,12,4.8,0,29.1,29,29,0
2021,10,19,70,56.6,42,50,45.3,40,92,68.6,43,14,4.6,0,29.1,29,29,0
2021,10,20,70,60.2,50,52,47.8,44,80,65,42,10,5.5,0,29.1,29,28.9,0
2021,10,21,66,54.8,44,57,50,39,96,84.5,52,17,10.5,3,28.9,28.8,28.7,0.28
2021,10,22,48,43.1,38,39,34.4,32,93,72.4,56,12,6.5,0,29,28.9,28.9,0.01
2021,10,23,50,44.5,37,41,38.3,35,93,79.7,57,13,4.4,0,29,28.9,28.9,0.03
2021,10,24,50,40.5,32,43,37.5,31,100,89.9,66,10,2.4,0,29,29,28.9,0.01
2021,10,25,48,46.3,44,46,43.3,41,93,89.3,83,20,14.2,8,28.9,28.8,28.7,0.8
2021,10,26,47,43.4,40,41,36.9,33,89,78.3,59,20,12.3,6,29,28.9,28.9,0.75
2021,10,27,51,48.1,43,50,45.6,37,97,91,76,9,5.6,0,29,28.9,28.9,0
2021,10,28,60,52.3,48,49,45.4,42,97,79,53,17,10.1,5,28.8,28.7,28.6,0
2021,10,29,55,52.5,48,53,50.9,47,97,94.2,86,15,10.1,6,28.6,28.5,28.5,0.33
2021,10,30,50,48.7,47,48,46.8,46,97,93.2,89,12,6.3,0,28.6,28.6,28.5,0.54
2021,10,31,56,48.7,43,47,44.1,35,97,85,69,21,11.1,5,29,28.7,28.6,0.09
2021,11,1,47,40.8,34,34,28.6,24,82,63.2,46,18,10.4,5,29.1,29.1,29,0.01
2021,11,2,45,39,33,33,27.5,21,89,65.3,40,16,11.4,7,29.2,29.1,29.1,0
2021,11,3,42,35.4,29,30,26.3,23,92,71.3,47,12,6.2,0,29.3,29.3,29.2,0
2021,11,4,42,36.2,30,32,28.8,22,96,76.3,45,10,2.9,0,29.3,29.2,29.2,0.01
2021,11,5,47,37.9,27,31,28.3,24,92,70.2,50,9,4,0,29.3,29.3,29.2,0
2021,11,6,52,41.1,28,30,27.5,23,88,61.4,40,10,4.9,0,29.2,29.2,29.1,0
2021,11,7,64,47.8,33,43,37.2,29,90,68.5,45,13,3.8,0,29.1,29.1,29.1,0
2021,11,8,65,51.1,40,43,40.3,37,93,69.8,42,13,5,0,29.1,29.1,29,0
2021,11,9,55,49,39,45,41.7,37,93,77.1,57,8,3.4,0,29.1,29.1,29,0
2021,11,10,54,40.2,31,38,31.9,17,100,78.9,23,9,3.5,0,29.2,29.1,29,0
2021,11,11,63,52.7,46,52,45.5,37,93,77.4,52,20,12.1,6,29,28.7,28.6,0
2021,11,12,50,40.8,34,39,32.3,28,86,73.2,43,20,11.5,6,28.7,28.7,28.6,0.13
2021,11,13,40,37.2,34,35,30.9,27,86,78.1,70,16,10.7,6,28.8,28.7,28.7,0.04
2021,11,14,37,34.1,32,32,29.9,27,96,85.1,70,14,8,0,28.8,28.7,28.6,0.02
2021,11,15,39,34.2,30,31,25.3,12,89,71.6,44,17,12.4,7,29,28.9,28.7,0.13
2021,11,16,41,35.7,28,34,25.4,21,85,67.3,49,12,4.7,0,29.1,29,28.9,0
2021,11,17,60,51.9,41,56,48.6,35,97,88.7,76,22,11.1,6,28.9,28.8,28.7,0
2021,11,18,45,36.9,32,40,27.5,21,82,69.3,55,22,14.8,5,29.1,29,28.9,0.17
2021,11,19,41,34.5,30,24,21.6,17,73,60.9,40,16,10.3,0,29.4,29.3,29.1,0
2021,11,20,36,34.7,32,30,25.7,22,89,70.2,57,14,6.7,0,29.3,29.2,29.1,0
2021,11,21,41,36.5,28,38,32.6,26,96,85.9,65,28,7.6,0,29.1,28.9,28.7,0
2021,11,22,35,29.6,24,17,15.2,11,71,55.6,37,22,13,7,29,29,28.9,0.12
2021,11,23,35,28.4,19,21,16.6,14,85,63.2,42,10,5.8,0,29.1,29.1,29,0
2021,11,24,49,40.8,31,35,25.1,19,74,54.3,43,16,9.9,6,29.1,29,28.9,0
2021,11,25,45,39.5,30,43,36.8,22,96,90.1,72,21,8.8,0,28.9,28.9,28.8,0.06
2021,11,26,30,27.3,26,22,18.8,16,78,70.7,61,23,15.4,7,29,28.9,28.9,0.22
2021,11,27,30,27.4,24,28,22.6,16,96,82.5,63,13,5.4,0,29,28.9,28.7,0
2021,11,28,34,31.2,28,30,27.9,25,96,87.6,73,22,12.6,0,28.9,28.8,28.7,0.19
2021,11,29,35,30.3,23,28,24,21,92,78,61,12,6.7,0,29,28.9,28.8,0.03
2021,11,30,37,32.2,26,31,28.7,26,100,87.4,73,21,9,0,29,28.8,28.7,0.09
2021,12,1,40,35.5,25,39,31.5,22,100,86.2,67,12,6.2,0,29,28.8,28.6,0
2021,12,2,51,42.7,32,40,34.1,25,97,72.8,53,28,14.5,6,28.9,28.7,28.5,0
2021,12,3,35,33.4,31,32,28.6,26,89,82.4,75,7,1.9,0,29.1,29,28.9,0
2021,12,4,41,35.7,32,34,23.4,6,93,66,27,23,12.3,5,29.2,29.1,29,0
2021,12,5,44,35.6,32,42,28.6,18,100,77.4,50,22,10.4,0,29.2,28.8,28.5,0
2021,12,6,45,35,24,43,27.9,14,93,75.8,59,29,18.1,6,29,28.7,28.5,0
2021,12,7,23,19.8,18,13,9.5,7,77,64.5,57,16,9.1,0,29.1,29.1,29,0
2021,12,8,29,24.3,20,22,17.3,12,89,75.4,64,12,6,0,29,28.9,28.8,0
2021,12,9,37,28.3,22,28,21.5,18,89,76.1,64,18,6.7,0,29,28.9,28.7,0
2021,12,10,49,41.4,33,45,36,29,100,81.8,59,15,6.5,0,28.9,28.8,28.4,0
2021,12,11,58,46.3,33,53,41,23,100,82.5,59,32,16.7,7,28.9,28.4,28.1,0.8
2021,12,12,48,37.9,30,26,22.1,15,79,56.1,27,20,12.2,7,29.1,29,28.9,0.03
2021,12,13,50,40.3,34,30,26,23,78,57.7,39,13,8.4,3,29.3,29.1,29.1,0
2021,12,14,47,38,26,37,32.5,24,93,81.5,59,13,7.1,0,29.4,29.4,29.3,0
2021,12,15,57,48.8,42,48,41.2,33,93,76,51,17,10.9,6,29.2,29,28.8,0.05
2021,12,16,61,52.5,37,51,38.2,24,78,59.5,39,31,20.5,14,28.9,28.7,28.6,0.03
2021,12,17,39,33.5,30,25,22.5,20,79,64.7,48,17,9.7,3,29.1,29.1,28.9,0
2021,12,18,32,30.5,28,29,27.3,24,96,87.9,79,15,9.1,5,29.1,29,28.8,0.06
2021,12,19,30,27,24,28,20.9,17,92,77.9,69,13,7.2,0,29.3,29.2,29.1,0.19
2021,12,20,38,31.6,26,27,24.2,20,81,74.4,60,16,9.5,3,29.2,29.1,28.9,0
2021,12,21,37,28.6,18,30,24.1,17,96,84,61,26,6.4,0,29,28.8,28.5,0
2021,12,22,32,23.4,21,22,13.1,9,72,64.8,57,26,15.8,5,29,28.8,28.6,0
2021,12,23,36,28.4,19,29,21.1,13,93,74.6,61,16,8.3,0,29,28.9,28.7,0
2021,12,24,46,36.2,24,44,32.9,23,100,88.4,71,8,3.8,0,28.8,28.7,28.5,0.01
2021,12,25,48,43.3,29,47,41.8,28,100,94.8,80,16,5.8,0,28.8,28.5,28.4,0.39
2021,12,26,37,30.5,26,29,24.8,23,96,79.8,59,9,5.1,0,29.1,29,28.8,0.05
2021,12,27,37,33.4,30,36,31.2,24,100,92.1,79,21,12,0,28.9,28.7,28.6,0.11
2021,12,28,35,31.3,30,31,26,21,96,81.3,64,16,7.7,0,28.8,28.7,28.6,0.08
2021,12,29,36,33,30,34,30.6,25,100,91.5,79,15,6.5,3,28.9,28.8,28.6,0.12
2021,12,30,33,31.2,28,32,26.3,22,96,82.2,75,9,4.9,0,28.9,28.8,28.8,0
2021,12,31,40,36,33,37,33.7,31,100,91.8,76,9,4.6,0,28.8,28.7,28.6,0
2022,1,1,38,30.6,24,36,28.3,20,97,90.7,84,17,11.6,0,28.8,28.7,28.6,0
2022,1,2,24,20.7,9,20,15.7,6,89,81.5,63,18,12.7,0,29.2,28.9,28.7,0.05
2022,1,3,25,15.9,5,14,8.8,2,95,74.8,55,12,4,0,29.3,29.2,29.1,0
2022,1,4,33,26.2,19,24,17.9,11,85,71.3,56,13,9.3,5,29.2,29,28.6,0
2022,1,5,35,26.4,13,28,19.1,5,82,74.2,67,24,15.3,8,28.7,28.5,28.4,0
2022,1,6,20,17.1,13,15,11.4,7,84,78.4,70,20,10.6,7,28.9,28.8,28.8,0
2022,1,7,18,11.5,3,12,4.9,-1,88,75.8,50,18,9.6,0,29.3,29.1,28.9,0
2022,1,8,32,21.5,2,30,13.2,-4,92,71.7,56,21,9.7,0,29.3,29.1,28.9,0
2022,1,9,35,29.1,13,33,23.5,5,96,80.8,52,30,15.6,5,29.3,29,28.8,0
2022,1,10,17,12.1,6,7,2.5,-4,77,65.3,58,28,17.1,9,29.4,29.3,29.1,0
2022,1,11,26,13.8,3,14,3.5,-4,76,64.2,55,17,9.6,0,29.4,29.2,28.9,0
2022,1,12,37,33,26,32,27.8,15,92,81.3,63,16,6.7,0,28.9,28.9,28.8,0
2022,1,13,34,31.4,27,31,28.4,23,96,88.6,79,9,5.5,0,28.9,28.9,28.8,0
2022,1,14,29,22.5,15,26,16.5,7,92,77.7,63,17,11.7,3,29.2,29.1,28.9,0
2022,1,15,17,11.6,8,5,2,-2,77,66,47,13,8.3,3,29.4,29.3,29.2,0
2022,1,16,29,14.7,5,15,7.9,-1,95,76.1,47,9,4.2,0,29.2,28.9,28.6,0
2022,1,17,28,23.7,18,22,16.8,9,84,75,68,22,15.3,8,28.8,28.6,28.4,0
2022,1,18,33,28.2,25,25,20.9,18,81,74.1,66,17,9.4,5,28.9,28.8,28.7,0
2022,1,19,40,29.7,19,32,20.1,7,76,67.5,57,22,14.9,9,29.1,28.8,28.6,0
2022,1,20,18,16.1,13,10,5.4,1,80,63.1,54,15,9,3,29.5,29.3,29.2,0
2022,1,21,20,13.8,6,7,2.5,0,80,62.1,46,12,4.4,0,29.5,29.4,29.4,0
2022,1,22,24,18.9,12,17,12.1,5,81,74.8,68,16,9.8,3,29.3,29,28.9,0
2022,1,23,22,17.4,6,17,10.6,0,88,75.3,52,16,8.2,0,28.9,28.8,28.8,0
2022,1,24,21,17,10,18,12.1,3,89,81.5,67,12,6.7,0,28.8,28.6,28.5,0.02
2022,1,25,18,13.9,3,14,6,-1,84,71.8,52,15,8.5,3,29.2,29,28.8,0.07
2022,1,26,17,9.3,1,2,-1.3,-4,84,63.9,41,10,7.3,5,29.3,29.3,29.2,0
2022,1,27,27,18.9,6,21,10.2,-1,86,69.7,55,16,10.4,5,29.2,29,28.9,0
2022,1,28,19,13.2,4,8,3.1,-1,80,64.6,52,17,9.4,0,29.2,29.1,29.1,0
2022,1,29,18,7.9,-7,6,-1,-13,83,68.1,52,8,3.8,0,29.2,29.1,28.9,0
2022,1,30,25,17.1,11,12,8.2,4,77,68.3,53,7,2.3,0,29,28.9,28.8,0
2022,1,31,28,17.9,6,14,9.9,1,84,72,56,10,4,0,29.1,29.1,29,0
2022,2,1,45,36.1,20,38,26.1,15,96,68.6,45,15,8.8,3,29.1,29,28.9,0
2022,2,2,39,31.8,21,38,29.5,16,100,91.1,81,18,7.7,0,29.2,29,29,0.13
2022,2,3,20,17.7,14,15,11.7,7,81,77.3,70,22,14,10,29.3,29.3,29.2,0.29
2022,2,4,19,12.2,5,8,5.2,1,84,74.2,57,12,7.2,0,29.2,29.2,29.1,0
2022,2,5,19,13,3,12,7.3,-2,96,78.5,68,12,5.5,0,29.4,29.3,29.2,0
2022,2,6,30,21.5,14,17,12.5,9,80,69,54,14,9.9,6,29.2,29.1,29.1,0
2022,2,7,31,25.4,20,25,19.2,13,84,77.2,60,15,8.2,0,29,29,28.9,0
2022,2,8,27,23.4,21,19,16.5,13,85,75.6,56,14,8.6,5,29,28.9,28.7,0
2022,2,9,44,35,24,29,25.9,18,82,70,53,15,9.5,6,28.7,28.6,28.6,0
2022,2,10,34,30.8,28,31,24,17,92,76.3,61,18,12.3,7,28.8,28.7,28.6,0.01
2022,2,11,36,33.5,27,34,29.6,18,93,85.8,69,18,11.2,7,28.7,28.5,28.4,0
2022,2,12,35,20.7,16,28,11.4,4,89,67.5,57,22,14.1,0,29.2,29,28.7,0.05
2022,2,13,19,15.1,5,11,7,0,81,70.5,54,10,5.3,0,29.2,29.1,29.1,0
2022,2,14,19,11.2,1,10,1.6,-4,84,67,45,10,4,0,29.3,29.2,29.1,0
2022,2,15,26,20.1,15,13,9.4,5,77,63.6,51,15,7.1,0,29.4,29.3,29.1,0
2022,2,16,50,41.8,22,41,30,14,77,63.5,50,20,13,5,29.1,28.9,28.8,0
2022,2,17,48,29.7,18,44,26.4,13,97,87.8,80,21,13.2,5,28.8,28.7,28.7,0.74
2022,2,18,26,18.1,9,17,9.1,2,81,68.1,55,23,13.7,8,29.1,28.9,28.6,0.15
2022,2,19,28,18.5,10,23,10.4,0,88,71,52,36,22.2,5,29.3,28.9,28.6,0.01
2022,2,20,44,29.1,11,28,16.1,4,82,59.8,43,20,11.5,0,29.2,28.9,28.8,0
2022,2,21,45,35.2,26,32,28.3,23,89,76.9,60,12,5.6,0,29.1,29,28.9,0
2022,2,22,51,45.4,33,50,42.8,29,100,90.7,73,28,8.7,3,28.9,28.7,28.6,0
2022,2,23,33,22.9,15,28,14.2,7,82,69.6,58,25,15.4,6,29.4,29.2,28.8,0.13
2022,2,24,27,20.4,15,16,11.5,8,85,69.4,49,15,10.7,6,29.4,29.3,29.1,0
2022,2,25,25,20.3,18,16,14.4,10,88,78.5,57,15,9.5,0,29.4,29.1,28.9,0.07
2022,2,26,29,23.4,18,16,13.1,11,78,65.7,49,18,10.7,5,29.4,29.3,29.1,0
2022,2,27,35,29.3,24,22,18.1,10,78,64.2,50,21,13.5,6,29.1,29,29,0
2022,2,28,32,26.8,19,23,15,8,81,62.2,50,14,7.1,0,29.2,29.1,28.9,0
2022,3,1,45,34.6,26,31,25.7,21,89,71.4,52,17,7.3,0,29,28.9,28.8,0
2022,3,2,43,32.4,23,33,24.7,18,92,74.6,51,22,9.9,0,29,29,28.9,0
2022,3,3,29,23.2,18,19,10.1,7,72,58,41,20,9.1,0,29.4,29.2,29,0.05
2022,3,4,39,28.6,18,18,14.2,11,84,58.2,33,9,4.1,0,29.4,29.3,29.2,0
2022,3,5,54,40.8,30,41,22.8,14,63,50,35,17,9.5,5,29.2,29,28.7,0
2022,3,6,60,47.3,35,51,36.6,28,84,67.2,45,31,17.2,3,29,28.8,28.6,0.01
2022,3,7,35,32.2,29,31,27.9,17,93,84.7,61,22,10.5,0,29,28.8,28.6,0.17
2022,3,8,36,31.1,28,23,19.6,17,78,63.1,46,12,7.1,3,29.1,29.1,29,0.1
2022,3,9,45,32.7,23,25,21.1,17,88,64.8,34,17,8.6,0,29,28.9,28.8,0
2022,3,10,37,30.2,24,23,18.4,16,81,63.2,42,9,5.2,0,29.1,29.1,29,0
2022,3,11,29,25.8,21,24,19.7,4,89,78.3,48,25,8.1,0,29,28.9,28.8,0.05
2022,3,12,19,15.2,10,5,2.5,0,73,57.6,46,26,16.5,7,29,28.9,28.8,0.01
2022,3,13,26,15.7,10,21,9,2,81,74.7,70,6,4,0,29,29,29,0
2022,3,14,53,39.8,25,33,29.4,20,89,68.7,45,13,5.3,0,29.1,29.1,29,0.01
2022,3,15,47,37.3,30,34,30.6,27,89,77.5,59,10,4.2,0,29.1,29.1,29.1,0
2022,3,16,64,36.8,25,43,30.7,23,100,81.4,41,10,2.1,0,29.1,29,28.9,0
2022,3,17,71,53.4,34,43,38.3,32,92,61.5,32,13,3.8,0,28.9,28.8,28.8,0
2022,3,18,53,46.4,40,43,38.1,33,96,74.4,52,14,8.1,0,28.9,28.8,28.6,0
2022,3,19,48,43.2,37,46,41.5,35,100,94,89,16,9.6,0,28.8,28.6,28.5,0.38
2022,3,20,56,43.1,36,34,28.9,20,93,63.6,26,16,10.3,0,29.1,29,28.8,0.2
2022,3,21,59,43.9,32,34,29.8,24,89,63.4,29,13,4.5,0,29.1,29.1,29,0
2022,3,22,44,39,36,34,25.7,14,93,62.5,31,18,11.4,7,29.1,29.1,28.9,0
2022,3,23,45,40.2,36,41,36.9,32,96,88.1,76,22,13.3,5,28.9,28.6,28.5,0.42
2022,3,24,46,43.7,40,42,38.2,35,97,81.3,66,18,10.7,6,28.7,28.6,28.5,0.9
2022,3,25,44,38.4,35,36,32.6,27,89,80.7,51,17,11.8,7,28.6,28.6,28.5,0.01
2022,3,26,36,31.1,24,32,26.6,18,92,83.3,69,24,17.1,10,28.8,28.6,28.4,0.04
2022,3,27,26,23.1,18,13,7.2,3,71,51.4,39,23,18.4,9,29,28.9,28.8,0.01
2022,3,28,28,21.5,17,11,5.7,1,74,52.5,34,23,11.1,0,29.2,29.1,29,0
2022,3,29,39,28.6,17,15,8.3,4,68,44.8,24,13,6.6,0,29.3,29.2,29,0
2022,3,30,49,39.2,30,43,33,20,85,78.7,64,20,11.4,0,29,28.6,28.2,0.12
2022,3,31,61,46.1,34,51,36.8,25,82,70.3,58,30,19.3,10,28.6,28.3,28.1,0.03
2022,4,1,35,32.8,28,26,22.7,19,79,66.7,54,22,14.5,0,29.1,28.8,28.6,0.02
2022,4,2,43,34.7,24,30,22.9,19,85,64.8,38,12,5.2,0,29.1,28.9,28.8,0
2022,4,3,42,35.8,33,31,29.9,28,92,79.9,60,13,7.4,0,29,28.9,28.8,0.01
2022,4,4,39,35.4,31,38,33.6,28,100,93.2,85,13,6.5,0,29,28.9,28.8,0
2022,4,5,56,42.5,36,41,37,35,100,83.2,49,13,3.8,0,28.8,28.8,28.6,0.2
2022,4,6,52,45.6,39,50,41.9,37,96,86.8,79,20,8.9,0,28.7,28.5,28.5,0
2022,4,7,46,43.7,39,40,32.3,27,89,65,49,15,9.6,3,28.6,28.5,28.5,0.33
2022,4,8,45,39.7,36,37,34.1,31,93,80.8,68,14,8.4,0,28.6,28.5,28.5,0.01
2022,4,9,38,34.8,30,33,27.1,24,92,74.6,62,16,11.1,7,28.8,28.7,28.6,0.05
2022,4,10,54,42.3,30,30,25.4,21,82,54.3,28,14,8.7,0,29,28.9,28.8,0
2022,4,11,70,51.9,41,43,32.8,26,76,50.9,23,16,10.2,6,28.9,28.8,28.7,0.03
2022,4,12,64,53,37,36,32.4,29,86,48.7,29,14,7,0,29.1,28.9,28.8,0
2022,4,13,70,61.2,52,60,55.1,36,93,81,54,20,11.5,6,28.8,28.6,28.4,0
2022,4,14,62,48.5,39,58,29.1,15,90,52.6,23,35,21,9,28.9,28.7,28.4,0.33
2022,4,15,49,44.7,41,39,30,17,82,59,29,26,14.8,8,28.9,28.8,28.8,0
2022,4,16,44,36.8,30,34,21.3,13,76,54.1,40,21,13,6,29.1,29,28.9,0.1
2022,4,17,42,34.3,28,25,18.3,14,75,52.8,41,13,7.8,0,29.3,29.2,29.1,0
2022,4,18,37,33.2,30,31,28.5,23,92,83.6,59,12,7.6,0,29.2,28.9,28.8,0
2022,4,19,40,34.3,32,30,27.2,24,92,76.4,53,24,13.8,5,29.1,28.9,28.8,0.32
2022,4,20,50,40.5,26,32,26.1,22,88,59.3,36,14,7.8,0,29.3,29.2,29,0
2022,4,21,64,52.8,44,50,42.3,29,94,71.3,28,28,13.6,0,29.3,29,28.9,0.12
2022,4,22,53,45.4,36,42,35.3,31,90,69.7,47,13,7.6,5,29.4,29.4,29.2,0.02
2022,4,23,78,60.5,43,55,46.1,37,86,61.1,42,14,9.3,7,29.2,29,28.9,0.35
2022,4,24,82,69.7,56,62,54.9,48,93,61.6,39,17,10.9,3,28.9,28.9,28.8,0
2022,4,25,64,56.5,45,62,46.5,29,93,69.7,53,21,10.7,5,29.1,28.9,28.8,0.16
2022,4,26,44,40.8,35,32,28.8,24,79,62.6,55,23,13.7,6,29.1,29.1,29,0.02
2022,4,27,39,32.8,29,26,22.1,17,82,65.8,50,17,11,0,29.3,29.2,29.1,0
2022,4,28,52,40.2,25,26,18.3,13,92,47.4,25,9,4.2,0,29.3,29.2,29.2,0
2022,4,29,55,44.5,30,26,19.1,13,61,38.5,21,14,7.4,0,29.2,29.2,29.1,0
2022,4,30,60,50.8,40,25,21.3,16,51,32.9,20,18,13,6,29.1,29,28.9,0
2022,5,1,66,53,46,53,43.8,28,90,72.5,40,18,11.4,6,28.8,28.8,28.7,0.15
2022,5,2,53,50.3,48,44,41.8,40,86,72.9,66,17,8.4,0,29,28.9,28.8,0.01
2022,5,3,51,49.6,47,50,46.1,41,96,88.2,74,20,9.2,0,29,28.8,28.7,0
2022,5,4,58,50,44,45,42.2,37,97,76.2,49,16,10.9,0,29.1,29.1,28.9,0.43
2022,5,5,59,50.7,37,44,40,34,89,68.3,53,10,5.7,0,29.1,29,28.9,0
2022,5,6,61,54,49,44,38.5,34,83,57.4,39,21,12.2,5,28.9,28.8,28.7,0.03
2022,5,7,64,54.3,46,35,30.6,25,58,41.7,31,15,10.4,0,29,28.9,28.8,0.04
2022,5,8,64,53,38,38,28.2,18,73,41.1,21,14,8,0,29.1,29,29,0
2022,5,9,71,60.3,46,39,32.3,27,68,37.4,20,21,12.5,3,29.1,27.9,0,0
2022,5,10,80,68.2,56,53,40,31,45,36.1,28,16,9.6,5,29.2,24.3,0,0
2022,5,11,82,70.2,59,52,42.9,34,55,38.1,29,10,5.6,0,29.2,29.2,29.1,0
2022,5,12,85,70.3,52,47,40.1,32,77,39,15,12,5,0,29.2,29.1,29.1,0
2022,5,13,83,71.3,54,57,52.3,40,77,52.3,38,13,7.3,0,29.1,29,28.9,0
2022,5,14,82,69.4,59,60,58.3,56,90,69.6,44,14,6.3,0,29,28.9,28.8,0
2022,5,15,84,67.3,55,60,53,43,100,66.7,25,26,5.9,0,28.9,28.8,28.7,0.05
2022,5,16,74,62.8,53,52,45,32,96,58.2,22,25,9.6,0,28.8,28.7,28.7,0.24
2022,5,17,64,55.6,47,43,38.3,36,80,54,35,17,10.8,0,29,28.9,28.8,0
2022,5,18,53,50.6,44,52,46.9,37,97,87.5,68,12,6.8,3,29,28.8,28.7,0
2022,5,19,76,62.4,53,60,54.5,52,100,78,52,16,7.7,0,28.7,28.6,28.6,0.26
2022,5,20,84,73.9,64,68,62.8,60,90,69.3,49,20,10.7,3,28.7,28.6,28.5,0
2022,5,21,77,66.7,61,64,58.4,51,97,76.1,53,24,9.2,0,29,28.9,28.7,0
2022,5,22,63,56.9,49,54,48.2,38,96,74.4,48,15,8.7,0,29.3,29.1,28.9,0.24
2022,5,23,58,51.5,45,42,38.3,34,80,61.3,51,9,6.3,3,29.3,29.3,29.2,0
2022,5,24,68,55.9,40,41,37,32,79,51.3,32,12,5.2,0,29.2,29.2,29.1,0
2022,5,25,66,60.8,50,60,53.9,40,93,78.3,66,17,10.3,5,29.2,29,28.9,0
2022,5,26,76,68.1,64,68,64.7,61,97,88.9,67,14,8.6,3,28.9,28.8,28.7,0.42
2022,5,27,74,64.2,59,63,60,54,97,86.9,57,20,6.5,0,28.8,28.7,28.6,0.14
2022,5,28,71,63.1,56,54,51,48,90,66.9,45,8,5.3,0,28.9,28.9,28.8,0.14
2022,5,29,79,69.8,59,61,57.6,54,90,66.6,48,15,8.5,0,28.9,28.9,28.9,0
2022,5,30,86,77.3,66,61,58.9,57,81,55.3,37,17,9.8,5,29,28.9,28.9,0
2022,5,31,89,80,70,64,61,58,76,53.6,35,17,9.6,3,29,28.9,28.9,0
2022,6,1,78,72,56,67,60.3,47,75,66.9,55,14,7.9,3,28.9,28.9,28.8,0
2022,6,2,75,61.5,52,50,44.6,42,80,56.6,31,12,6.5,0,28.9,28.8,28.8,0
2022,6,3,78,67,55,45,38,27,69,38.5,17,24,12,3,28.9,28.8,28.8,0
2022,6,4,71,61.2,47,48,41,35,86,50.9,28,10,4.5,0,29,28.9,28.9,0
2022,6,5,68,63.4,58,56,48.5,41,73,58.8,46,13,5.8,0,28.9,28.9,28.8,0
2022,6,6,78,67.7,57,65,56.5,40,93,68.8,45,10,6.4,0,28.8,28.7,28.7,0.01
2022,6,7,71,64,54,65,58.4,48,100,83.8,45,16,8.1,0,28.9,28.7,28.6,0.71
2022,6,8,67,58.4,50,56,51.8,48,96,80.1,52,13,4.8,0,28.9,28.8,28.7,0.03
2022,6,9,72,59.7,53,55,52.4,50,97,78.9,46,16,9.2,0,28.9,28.8,28.8,0.36
2022,6,10,75,63.7,53,53,49.5,45,90,62.8,37,16,5.2,0,28.9,28.9,28.8,0.17
2022,6,11,76,68,58,56,52.8,50,84,60.1,41,16,7.3,0,28.9,28.8,28.8,0
2022,6,12,78,69.2,58,61,59,53,93,71.7,54,13,8.2,5,28.9,28.8,28.7,0.01
2022,6,13,80,68.7,55,59,53.3,47,86,59.7,42,12,6.9,3,29,28.9,28.8,0
2022,6,14,81,71.7,62,67,61.2,54,93,70.4,56,16,8,0,28.9,28.9,28.7,0.14
2022,6,15,94,81.4,66,71,64.3,53,76,57.1,42,14,6.4,0,28.9,28.9,28.8,0
2022,6,16,90,81.7,75,72,61.6,48,85,54.7,25,24,13.3,7,28.9,28.8,28.8,0
2022,6,17,82,73.4,60,55,50.2,42,66,45.3,29,26,15.5,7,29,28.9,28.8,0
2022,6,18,70,61.1,51,46,38.2,31,77,46,24,17,9.9,0,29.2,29.1,29,0
2022,6,19,77,65.3,47,48,42,37,90,47.2,25,9,3,0,29.3,29.2,29.1,0
2022,6,20,84,70.8,60,62,58.2,48,87,66.5,43,17,5.9,0,29.1,29.1,29,0.06
2022,6,21,96,81.7,60,67,62.1,57,93,54.5,35,15,8.5,0,29,29,28.9,0.01
2022,6,22,89,81.2,64,67,57.6,50,70,47,26,17,11.3,0,29,28.9,28.9,0
2022,6,23,80,69.8,59,55,51.7,48,83,55.1,32,13,6.4,0,29,29,29,0
2022,6,24,87,74.9,58,59,52.7,49,81,50,28,9,3.8,0,29,29,29,0
2022,6,25,89,77.7,64,64,54.9,45,87,49.3,23,12,5.7,0,29.1,29,28.9,0
2022,6,26,83,74,66,67,60.3,44,90,64.4,32,22,11.3,0,29,28.9,28.9,0.13
2022,6,27,74,65.7,57,49,43.1,40,62,45.3,31,21,12.8,0,29.2,29.1,29,0
2022,6,28,80,66.8,48,49,46,43,90,51.4,30,12,5,0,29.2,29.1,29.1,0
2022,6,29,81,70.7,61,62,56,46,97,61.8,41,14,6.2,0,29.1,29.1,29.1,0.04
2022,6,30,89,77.7,62,62,55.4,46,90,51,24,16,7.6,0,29.1,29,28.9,0.1
2022,7,1,80,73.8,66,68,60.1,48,84,63.5,43,12,7.6,0,28.9,28.9,28.8,0
2022,7,2,82,71.8,56,55,49.2,42,81,47.3,26,14,7.3,0,29,29,28.9,0.03
2022,7,3,84,73,62,59,50.3,45,68,46.1,32,9,4.5,0,29.1,29.1,29,0
2022,7,4,88,78.7,65,61,56.9,52,81,50.1,30,10,6,0,29.1,29,28.9,0
2022,7,5,86,74.2,68,70,66.5,63,93,78.1,55,17,10.1,0,28.9,28.8,28.8,0.42
2022,7,6,80,71,63,65,62.1,55,90,74.1,56,12,6.6,0,29,28.9,28.9,0.01
2022,7,7,82,71.8,58,64,58.2,54,87,63.9,45,7,3.9,0,29,29,28.9,0.03
2022,7,8,81,71.9,61,70,61.2,46,84,69.1,56,13,5.4,0,29.1,29,29,0
2022,7,9,80,68,55,52,44.5,34,81,47.8,20,15,8.9,0,29.1,29.1,29.1,0.06
2022,7,10,82,69.8,54,55,48.1,43,87,50.5,28,9,3.3,0,29.1,29,28.9,0
2022,7,11,83,74.9,62,68,58.3,50,81,57.3,37,20,9,0,28.9,28.8,28.6,0
2022,7,12,81,72.5,66,68,60.6,55,90,67.7,44,18,11.9,0,28.9,28.7,28.6,0.32
2022,7,13,76,65,0,61,56.4,0,96,71.7,0,12,4.6,0,29,28.9,28.9,0
2022,7,14,79,68.8,58,59,51.8,44,97,60.3,29,10,4.7,0,29.1,29.1,29,0.04
2022,7,15,80,69.6,56,59,53.3,48,90,60,32,15,5.9,0,29.1,29.1,29.1,0
2022,7,16,80,72,64,65,62.4,59,90,72.8,54,10,5.3,0,29,29,28.9,0.02
2022,7,17,80,72.6,66,68,65.2,63,93,78.4,60,12,6.2,0,28.9,28.9,28.8,0
2022,7,18,88,76,67,66,61.8,54,93,65.4,31,15,9.3,0,28.8,28.8,28.8,0.01
2022,7,19,92,80.7,68,68,64.3,59,76,58.3,42,16,9,0,28.8,28.8,28.8,0
2022,7,20,88,80.2,74,75,67.5,61,84,66.5,43,25,12.2,7,28.8,28.6,28.5,0
2022,7,21,89,79,71,65,61.4,52,81,57.8,28,23,13.4,5,28.8,28.7,28.6,0.14
2022,7,22,89,79,68,66,59.2,51,90,55.1,28,17,8.8,0,28.9,28.9,28.8,0
2022,7,23,88,77.8,71,67,63.2,56,84,62.9,34,16,5.9,0,29,28.9,28.9,0.02
2022,7,24,85,72.3,68,71,67.4,66,96,85.3,55,17,8,0,28.9,28.8,28.8,0.49
2022,7,25,76,69,62,66,54.1,48,87,61.2,40,17,9,0,29,28.9,28.8,0.16
2022,7,26,80,70.8,60,57,53.9,50,86,57.6,37,7,3,0,29,29,28.9,0
2022,7,27,80,71.6,62,69,64.9,58,93,79.9,62,9,4.6,0,28.9,28.8,28.8,0
2022,7,28,81,72.9,65,66,59.1,47,96,64.8,32,21,11,3,28.9,28.8,28.8,0.03
2022,7,29,78,70.2,60,56,53.9,52,83,58.1,42,16,9.6,3,29,28.9,28.9,0
2022,7,30,81,70.8,59,59,55.5,54,87,60.6,40,9,4.8,0,29.2,29.1,29,0
2022,7,31,83,74.4,62,63,57.6,52,87,58.9,34,9,4.9,0,29.1,29,28.9,0
2022,8,1,84,74.9,68,72,65.2,61,84,72.2,53,22,10.6,0,28.9,28.8,28.7,0
2022,8,2,80,72.1,63,63,55.3,50,84,58,35,14,7.3,0,29,28.9,28.8,0.03
2022,8,3,93,74.5,69,71,68.2,62,96,82.3,49,32,10.7,3,28.9,28.8,28.8,0
2022,8,4,82,74.5,71,73,71,69,100,89.1,71,17,5,0,29,29,28.9,1.73
2022,8,5,86,75.9,69,72,69.3,66,96,80.8,56,8,5,0,29.1,29.1,29,0.48
2022,8,6,89,78.8,72,72,71.1,69,97,78.7,53,13,5.5,0,29.1,29.1,29,0
2022,8,7,89,77.7,73,75,71.7,69,96,82.2,59,26,8.1,0,29.1,29,29,0
2022,8,8,86,75.6,65,76,70.5,61,96,84.7,57,21,9.9,0,29,28.9,28.8,0
2022,8,9,74,67.4,63,61,58.3,55,88,73.9,52,10,6.7,3,29.1,29,29,0.15
2022,8,10,80,70.5,58,63,59,56,93,69.1,47,10,4.5,0,29.1,29.1,29,0
2022,8,11,75,68.3,59,62,51.5,44,76,55.6,43,14,8.5,0,29.1,29.1,29,0
2022,8,12,77,66.3,54,56,49.4,46,83,57.3,33,9,5.6,0,29.2,29.1,29.1,0
2022,8,13,69,63.4,58,57,54.5,49,81,73,58,8,3.4,0,29.1,29.1,29.1,0
2022,8,14,72,67.2,62,59,57,54,84,70.2,61,10,5.9,0,29,29,28.9,0
2022,8,15,79,70.6,62,61,54.9,46,93,60.7,32,12,7.7,0,29,29,28.9,0
2022,8,16,81,70.8,60,59,56.7,52,90,63.4,36,14,8,3,29.1,29,29,0
2022,8,17,77,67.5,60,64,60,58,96,78.3,52,15,4.5,0,29.1,29.1,29,0
2022,8,18,82,70.9,58,61,58.1,54,93,67,38,8,2.9,0,29,28.9,28.9,0.04
2022,8,19,82,71.8,57,60,56.9,54,93,63.1,38,8,3.7,0,29,29,28.9,0
2022,8,20,82,71.6,63,66,62.9,60,97,75.5,49,12,5.1,0,29,29,28.9,0
2022,8,21,78,69,65,65,63.7,60,97,84.4,56,9,3.8,0,28.9,28.9,28.9,0.21
2022,8,22,79,69.7,63,64,62.8,60,97,80.1,54,14,7.1,0,28.9,28.9,28.9,0
2022,8,23,80,69.2,60,61,58.6,56,93,71.7,43,12,4.3,0,29,28.9,28.9,0
2022,8,24,85,74.2,63,63,60.5,59,93,64.9,43,10,4.4,0,29,29,29,0
2022,8,25,80,72.1,63,66,62.1,59,97,72.8,50,13,4,0,29,29,28.9,0
2022,8,26,76,68.9,61,66,61.7,56,93,79.2,52,15,7.5,0,29.1,28.9,28.9,0.04
2022,8,27,78,67.7,55,59,53.4,44,93,64.3,33,9,3.8,0,29.1,29.1,29,0
2022,8,28,84,73.7,59,67,62,56,90,68.4,49,14,7.2,0,29,28.9,28.9,0
2022,8,29,86,74.1,67,74,68.4,64,97,82.8,65,37,12.2,0,28.9,28.8,28.8,0
2022,8,30,78,70.7,63,65,60.7,54,87,72.1,46,25,13.2,5,28.9,28.8,28.8,0.33
2022,8,31,81,70.2,58,58,55.4,52,93,62.5,38,21,12,5,28.9,28.9,28.9,0
2022,9,1,83,71.2,58,61,55.3,47,93,60.5,39,9,3.5,0,29,29,28.9,0
2022,9,2,84,74.6,63,64,58.9,54,84,60,35,9,4.9,0,29.1,29.1,29,0
2022,9,3,86,75.4,66,66,63.4,58,93,69.3,40,12,3.3,0,29.1,29.1,29,0
2022,9,4,69,64.8,62,66,61.1,58,94,87.9,81,13,8.9,5,29.1,29.1,29,0
2022,9,5,73,66.2,61,63,61.8,60,100,86.4,68,12,7,3,29.1,29,29,0
2022,9,6,78,67.6,57,61,58,54,90,73.6,45,9,5.5,0,29.1,29.1,29,0
2022,9,7,79,66.2,54,59,54.6,51,97,69.5,39,14,5.9,0,29.1,29.1,29,0
2022,9,8,81,67.9,54,56,49.8,42,93,58.4,26,6,2.4,0,29,28.9,28.9,0
2022,9,9,82,68.9,53,58,53.6,49,96,62.7,34,12,3.8,0,29,29,28.9,0
2022,9,10,83,72.2,60,69,63.4,58,96,75.3,51,12,4.3,0,29.1,29,29,0
2022,9,11,76,70.5,68,66,64.5,62,93,81.4,62,12,6.8,0,29,28.9,28.8,0.28
2022,9,12,68,62.4,52,67,56.3,47,96,81.4,56,13,7.1,0,28.8,28.8,28.8,0.09
2022,9,13,73,61.1,51,58,51.2,48,90,71.8,45,12,5.3,0,28.9,28.8,28.7,0
2022,9,14,78,64,58,59,57.7,53,100,82.1,50,12,7.5,3,29.2,29,28.9,0
2022,9,15,72,62.8,55,58,53.5,50,93,72.6,55,8,5.2,0,29.2,29.2,29.1,0
2022,9,16,80,67.7,56,62,58.4,54,96,74.8,47,7,2.9,0,29.1,29.1,29.1,0
2022,9,17,81,66,57,63,58.8,55,100,80.3,51,16,4.1,0,29.1,29.1,29,0
2022,9,18,82,70.8,0,64,60,0,83,65.6,0,14,8.7,0,28.9,27.7,0,0
2022,9,19,79,66.7,0,66,58.5,0,100,73.8,0,25,7.6,0,29,27.9,0,0
2022,9,20,75,65.3,55,62,58.1,53,97,79.9,48,26,6,0,29,28.9,28.9,0
2022,9,21,82,70.9,62,69,63.1,52,97,77.5,55,18,9.8,0,28.9,28.8,28.7,0.58
2022,9,22,61,55.1,47,50,41.2,36,77,60.6,41,18,12.8,7,29.1,29,28.8,0.32
2022,9,23,62,51.9,41,45,39.8,36,89,66.3,39,9,3.9,0,29.2,29.1,29.1,0
2022,9,24,61,55.9,51,54,49.1,45,89,78,69,9,4.2,0,29.1,28.9,28.7,0
2022,9,25,62,57.4,54,55,52.9,49,96,85.3,72,16,9.6,0,28.7,28.6,28.6,0.13
2022,9,26,58,53,50,52,49.2,46,93,86.9,70,28,14.9,7,28.8,28.6,28.6,0.09
2022,9,27,56,51.2,49,48,45.2,42,89,80.4,60,21,13.2,7,29.1,28.9,28.8,0.1
2022,9,28,52,50,47,46,44.4,42,90,81,74,15,10.4,5,29.4,29.3,29.1,0.04
2022,9,29,58,51,42,44,42.1,40,96,73,53,10,3.6,0,29.5,29.4,29.3,0.01
2022,9,30,65,52.3,40,46,41,37,96,69.1,36,8,3.2,0,29.3,29.2,29.1,0
2022,10,1,68,57.1,47,53,45.9,36,93,69.7,32,16,9.1,0,29.2,29.1,29.1,0
2022,10,2,63,55,43,53,42.8,31,90,66.4,31,15,10,0,29.3,29.3,29.2,0
2022,10,3,64,50.2,37,42,37.5,31,93,67.1,29,9,2.9,0,29.4,29.3,29.2,0
2022,10,4,71,54.5,38,45,39.5,33,97,63.3,26,7,2,0,29.2,29.1,29.1,0
2022,10,5,73,59.3,46,51,46.4,39,90,65.6,33,8,2.9,0,29.1,29,29,0
2022,10,6,73,58.3,49,51,46.4,42,90,67.5,33,20,7.6,0,29,28.9,28.9,0
2022,10,7,50,44.7,40,41,36.4,31,89,73.4,56,16,10.8,0,29.3,29.2,29,0.01
2022,10,8,52,42.4,32,33,31.6,30,92,67.9,44,20,9.1,0,29.3,29.2,29.1,0
2022,10,9,65,52,39,43,36.8,33,79,58.6,33,15,7.7,0,29.1,29.1,29,0
2022,10,10,64,53.4,43,45,41.8,39,90,67,41,7,2.6,0,29.2,29.1,29.1,0
2022,10,11,74,58.4,42,52,43.8,40,97,63.1,33,16,6,0,29.1,29.1,29,0
2022,10,12,69,59.4,50,56,43.7,0,90,63.7,0,21,11.4,5,29,28.7,28.6,0
2022,10,13,53,48,40,45,38,27,93,70.8,38,18,9.3,3,28.7,28.6,28.6,0.09
2022,10,14,56,47.3,37,32,25.3,20,73,45.9,25,16,9.3,5,28.7,28.7,28.6,0.01
2022,10,15,53,45.1,41,42,35.3,28,89,70.2,38,20,11.3,3,28.9,28.7,28.6,0.05
2022,10,16,55,48.2,43,39,35.8,32,82,62.9,49,17,8.5,5,28.9,28.8,28.7,0
2022,10,17,43,40.1,36,39,36.5,33,93,87.1,76,20,13,7,28.7,28.6,28.5,0.01
2022,10,18,40,38.6,37,37,34.4,30,93,85.2,73,22,16.7,13,28.7,28.6,28.6,0.13
2022,10,19,43,38.7,36,36,33.1,25,93,81.2,60,18,14.1,7,28.8,28.7,28.7,0.15
2022,10,20,41,35.5,29,35,30.4,27,96,82.5,65,12,6.8,0,28.8,28.7,28.7,0.06
2022,10,21,66,50.6,30,37,31.8,25,92,52.5,32,15,7.4,0,28.8,28.8,28.7,0.1
2022,10,22,73,59.9,49,48,41.7,34,72,51.8,37,15,8.1,5,29,28.9,28.8,0
2022,10,23,72,59.6,45,51,47.5,44,97,67,44,15,6.3,0,29.1,29.1,29,0
2022,10,24,75,61.3,47,47,44.7,42,90,58.2,32,14,7,0,29.1,29,28.9,0
2022,10,25,70,63.5,55,56,47.3,42,86,56.5,45,13,8.4,3,28.9,28.8,28.6,0
2022,10,26,59,50.4,40,57,46.1,31,97,86,65,23,12.3,3,29.1,28.7,28.6,0.25
2022,10,27,52,41.1,31,34,31,28,92,69.3,41,7,3.9,0,29.4,29.3,29.1,0.02
2022,10,28,57,45.1,34,39,34.8,32,92,69.8,40,8,4.3,0,29.4,29.4,29.3,0
2022,10,29,61,41.3,31,45,35.3,30,100,82.3,39,7,1.2,0,29.4,29.3,29.2,0
2022,10,30,61,45.1,34,46,39,32,100,81.6,50,7,1.9,0,29.2,29.1,28.9,0
2022,10,31,59,55.3,50,57,53.8,45,100,94.8,80,6,2.1,0,28.9,28.8,28.8,0.05
